-- AgroGemini Oracle v4 Consolidada
-- Esta versão une:
--   1) migration + seed da v2
--   2) extensões da v3 (espacial, particionamento, Oracle Text, auditoria, OML4Py, VPD/RLS)
--
-- Ordem recomendada:
--   A. Executar toda a base abaixo
--   B. Executar as extensões logo na sequência
--   C. Validar roles, policies, índices de domínio e ambiente Spatial/Text

--------------------------------------------------------------------------------
-- BLOCO A - BASE V2
--------------------------------------------------------------------------------

-- AgroGemini Oracle migration + seed (schema expandido)
-- 3a. DROP na ordem inversa
BEGIN
    EXECUTE IMMEDIATE 'DROP TABLE eventos_auditoria CASCADE CONSTRAINTS PURGE';
EXCEPTION
    WHEN OTHERS THEN
        IF SQLCODE != -942 THEN
            RAISE;
        END IF;
END;
/
BEGIN
    EXECUTE IMMEDIATE 'DROP TABLE limites_referencia CASCADE CONSTRAINTS PURGE';
EXCEPTION
    WHEN OTHERS THEN
        IF SQLCODE != -942 THEN
            RAISE;
        END IF;
END;
/
BEGIN
    EXECUTE IMMEDIATE 'DROP TABLE variaveis_calculo CASCADE CONSTRAINTS PURGE';
EXCEPTION
    WHEN OTHERS THEN
        IF SQLCODE != -942 THEN
            RAISE;
        END IF;
END;
/
BEGIN
    EXECUTE IMMEDIATE 'DROP TABLE configuracoes_calculo CASCADE CONSTRAINTS PURGE';
EXCEPTION
    WHEN OTHERS THEN
        IF SQLCODE != -942 THEN
            RAISE;
        END IF;
END;
/
BEGIN
    EXECUTE IMMEDIATE 'DROP TABLE arquivos CASCADE CONSTRAINTS PURGE';
EXCEPTION
    WHEN OTHERS THEN
        IF SQLCODE != -942 THEN
            RAISE;
        END IF;
END;
/
BEGIN
    EXECUTE IMMEDIATE 'DROP TABLE laudo_resultados CASCADE CONSTRAINTS PURGE';
EXCEPTION
    WHEN OTHERS THEN
        IF SQLCODE != -942 THEN
            RAISE;
        END IF;
END;
/
BEGIN
    EXECUTE IMMEDIATE 'DROP TABLE laudos CASCADE CONSTRAINTS PURGE';
EXCEPTION
    WHEN OTHERS THEN
        IF SQLCODE != -942 THEN
            RAISE;
        END IF;
END;
/
BEGIN
    EXECUTE IMMEDIATE 'DROP TABLE amostras CASCADE CONSTRAINTS PURGE';
EXCEPTION
    WHEN OTHERS THEN
        IF SQLCODE != -942 THEN
            RAISE;
        END IF;
END;
/
BEGIN
    EXECUTE IMMEDIATE 'DROP TABLE importacoes CASCADE CONSTRAINTS PURGE';
EXCEPTION
    WHEN OTHERS THEN
        IF SQLCODE != -942 THEN
            RAISE;
        END IF;
END;
/
BEGIN
    EXECUTE IMMEDIATE 'DROP TABLE assinaturas CASCADE CONSTRAINTS PURGE';
EXCEPTION
    WHEN OTHERS THEN
        IF SQLCODE != -942 THEN
            RAISE;
        END IF;
END;
/
BEGIN
    EXECUTE IMMEDIATE 'DROP TABLE planos_assinaturas CASCADE CONSTRAINTS PURGE';
EXCEPTION
    WHEN OTHERS THEN
        IF SQLCODE != -942 THEN
            RAISE;
        END IF;
END;
/
BEGIN
    EXECUTE IMMEDIATE 'DROP TABLE telefones_laboratorios CASCADE CONSTRAINTS PURGE';
EXCEPTION
    WHEN OTHERS THEN
        IF SQLCODE != -942 THEN
            RAISE;
        END IF;
END;
/
BEGIN
    EXECUTE IMMEDIATE 'DROP TABLE laboratorio_usuarios CASCADE CONSTRAINTS PURGE';
EXCEPTION
    WHEN OTHERS THEN
        IF SQLCODE != -942 THEN
            RAISE;
        END IF;
END;
/
BEGIN
    EXECUTE IMMEDIATE 'DROP TABLE laboratorios CASCADE CONSTRAINTS PURGE';
EXCEPTION
    WHEN OTHERS THEN
        IF SQLCODE != -942 THEN
            RAISE;
        END IF;
END;
/
BEGIN
    EXECUTE IMMEDIATE 'DROP TABLE talhoes CASCADE CONSTRAINTS PURGE';
EXCEPTION
    WHEN OTHERS THEN
        IF SQLCODE != -942 THEN
            RAISE;
        END IF;
END;
/
BEGIN
    EXECUTE IMMEDIATE 'DROP TABLE fazenda_usuarios CASCADE CONSTRAINTS PURGE';
EXCEPTION
    WHEN OTHERS THEN
        IF SQLCODE != -942 THEN
            RAISE;
        END IF;
END;
/
BEGIN
    EXECUTE IMMEDIATE 'DROP TABLE fazendas CASCADE CONSTRAINTS PURGE';
EXCEPTION
    WHEN OTHERS THEN
        IF SQLCODE != -942 THEN
            RAISE;
        END IF;
END;
/
BEGIN
    EXECUTE IMMEDIATE 'DROP TABLE telefones_usuarios CASCADE CONSTRAINTS PURGE';
EXCEPTION
    WHEN OTHERS THEN
        IF SQLCODE != -942 THEN
            RAISE;
        END IF;
END;
/
BEGIN
    EXECUTE IMMEDIATE 'DROP TABLE usuarios CASCADE CONSTRAINTS PURGE';
EXCEPTION
    WHEN OTHERS THEN
        IF SQLCODE != -942 THEN
            RAISE;
        END IF;
END;
/
BEGIN
    EXECUTE IMMEDIATE 'DROP TABLE enderecos CASCADE CONSTRAINTS PURGE';
EXCEPTION
    WHEN OTHERS THEN
        IF SQLCODE != -942 THEN
            RAISE;
        END IF;
END;
/

-- 3b. CREATE TABLE com constraints nomeadas
    BEGIN
        EXECUTE IMMEDIATE q'~
CREATE TABLE enderecos (
    id NUMBER GENERATED BY DEFAULT AS IDENTITY
        CONSTRAINT PK_ENDERECOS PRIMARY KEY,
    cep VARCHAR2(8) CONSTRAINT NN_ENDERECOS_CEP NOT NULL,
    logradouro VARCHAR2(150) CONSTRAINT NN_ENDERECOS_LOGRADOURO NOT NULL,
    numero VARCHAR2(20) CONSTRAINT NN_ENDERECOS_NUMERO NOT NULL,
    complemento VARCHAR2(100),
    bairro VARCHAR2(100) CONSTRAINT NN_ENDERECOS_BAIRRO NOT NULL,
    cidade VARCHAR2(100) CONSTRAINT NN_ENDERECOS_CIDADE NOT NULL,
    estado VARCHAR2(2) CONSTRAINT NN_ENDERECOS_ESTADO NOT NULL,
    latitude NUMBER(10,7),
    longitude NUMBER(10,7),
    pais VARCHAR2(60) DEFAULT 'Brasil' CONSTRAINT NN_ENDERECOS_PAIS NOT NULL,
    CONSTRAINT CK_ENDERECOS_CEP CHECK (REGEXP_LIKE(cep, '^[0-9]{8}$')),
    CONSTRAINT CK_ENDERECOS_ESTADO CHECK (REGEXP_LIKE(estado, '^[A-Z]{2}$'))
)
~';
    EXCEPTION
        WHEN OTHERS THEN
            IF SQLCODE != -955 THEN
                RAISE;
            END IF;
    END;
    /
    BEGIN
        EXECUTE IMMEDIATE q'~
CREATE TABLE usuarios (
    id NUMBER GENERATED BY DEFAULT AS IDENTITY
        CONSTRAINT PK_USUARIOS PRIMARY KEY,
    nome VARCHAR2(100) CONSTRAINT NN_USUARIOS_NOME NOT NULL,
    sobrenome VARCHAR2(150) CONSTRAINT NN_USUARIOS_SOBRENOME NOT NULL,
    email VARCHAR2(254) CONSTRAINT NN_USUARIOS_EMAIL NOT NULL,
    senha_hash VARCHAR2(100) CONSTRAINT NN_USUARIOS_SENHA_HASH NOT NULL,
    tipo_usuario VARCHAR2(3) CONSTRAINT NN_USUARIOS_TIPO NOT NULL,
    endereco_id NUMBER,
    ativo CHAR(1) DEFAULT 'Y' CONSTRAINT NN_USUARIOS_ATIVO NOT NULL,
    criado_em TIMESTAMP WITH TIME ZONE DEFAULT SYSTIMESTAMP CONSTRAINT NN_USUARIOS_CRIADO_EM NOT NULL,
    ultimo_acesso TIMESTAMP WITH TIME ZONE,
    CONSTRAINT UQ_USUARIOS_EMAIL UNIQUE (email),
    CONSTRAINT CK_USUARIOS_TIPO CHECK (tipo_usuario IN ('UE','UP','UC','ADM')),
    CONSTRAINT CK_USUARIOS_ATIVO CHECK (ativo IN ('Y','N')),
    CONSTRAINT FK_USUARIOS_ENDERECOS FOREIGN KEY (endereco_id) REFERENCES enderecos(id)
)
~';
    EXCEPTION
        WHEN OTHERS THEN
            IF SQLCODE != -955 THEN
                RAISE;
            END IF;
    END;
    /
    BEGIN
        EXECUTE IMMEDIATE q'~
CREATE TABLE telefones_usuarios (
    id NUMBER GENERATED BY DEFAULT AS IDENTITY
        CONSTRAINT PK_TEL_USUARIOS PRIMARY KEY,
    usuario_id NUMBER CONSTRAINT NN_TEL_USUARIOS_USUARIO_ID NOT NULL,
    numero VARCHAR2(20) CONSTRAINT NN_TEL_USUARIOS_NUMERO NOT NULL,
    tipo VARCHAR2(15) CONSTRAINT NN_TEL_USUARIOS_TIPO NOT NULL,
    whatsapp CHAR(1) DEFAULT 'N' CONSTRAINT NN_TEL_USUARIOS_WHATSAPP NOT NULL,
    CONSTRAINT CK_TEL_USUARIOS_TIPO CHECK (tipo IN ('MOVEL','FIXO','COMERCIAL')),
    CONSTRAINT CK_TEL_USUARIOS_WHATSAPP CHECK (whatsapp IN ('Y','N')),
    CONSTRAINT FK_TEL_USUARIOS_USUARIOS FOREIGN KEY (usuario_id) REFERENCES usuarios(id)
)
~';
    EXCEPTION
        WHEN OTHERS THEN
            IF SQLCODE != -955 THEN
                RAISE;
            END IF;
    END;
    /
    BEGIN
        EXECUTE IMMEDIATE q'~
CREATE TABLE fazendas (
    id NUMBER GENERATED BY DEFAULT AS IDENTITY
        CONSTRAINT PK_FAZENDAS PRIMARY KEY,
    nome VARCHAR2(150) CONSTRAINT NN_FAZENDAS_NOME NOT NULL,
    cpf_cnpj VARCHAR2(14) CONSTRAINT NN_FAZENDAS_CPF_CNPJ NOT NULL,
    endereco_id NUMBER,
    car VARCHAR2(30),
    area_total_ha NUMBER(12,2),
    criado_em TIMESTAMP WITH TIME ZONE DEFAULT SYSTIMESTAMP CONSTRAINT NN_FAZENDAS_CRIADO_EM NOT NULL,
    CONSTRAINT CK_FAZENDAS_CPF_CNPJ CHECK (REGEXP_LIKE(cpf_cnpj, '^[0-9]{11,14}$')),
    CONSTRAINT FK_FAZENDAS_ENDERECOS FOREIGN KEY (endereco_id) REFERENCES enderecos(id)
)
~';
    EXCEPTION
        WHEN OTHERS THEN
            IF SQLCODE != -955 THEN
                RAISE;
            END IF;
    END;
    /
    BEGIN
        EXECUTE IMMEDIATE q'~
CREATE TABLE fazenda_usuarios (
    id NUMBER GENERATED BY DEFAULT AS IDENTITY
        CONSTRAINT PK_FAZENDA_USUARIOS PRIMARY KEY,
    fazenda_id NUMBER CONSTRAINT NN_FAZENDA_USUARIOS_FAZENDA_ID NOT NULL,
    usuario_id NUMBER CONSTRAINT NN_FAZENDA_USUARIOS_USUARIO_ID NOT NULL,
    papel VARCHAR2(20) CONSTRAINT NN_FAZENDA_USUARIOS_PAPEL NOT NULL,
    inicio_vigencia DATE CONSTRAINT NN_FAZENDA_USUARIOS_INI_VIG NOT NULL,
    fim_vigencia DATE,
    CONSTRAINT UQ_FAZENDA_USUARIOS UNIQUE (fazenda_id, usuario_id, papel, inicio_vigencia),
    CONSTRAINT CK_FAZENDA_USUARIOS_PAPEL CHECK (papel IN ('DONO','FUNCIONARIO','GERENTE')),
    CONSTRAINT CK_FAZENDA_USUARIOS_VIGENCIA CHECK (fim_vigencia IS NULL OR fim_vigencia >= inicio_vigencia),
    CONSTRAINT FK_FAZENDA_USUARIOS_FAZENDAS FOREIGN KEY (fazenda_id) REFERENCES fazendas(id),
    CONSTRAINT FK_FAZENDA_USUARIOS_USUARIOS FOREIGN KEY (usuario_id) REFERENCES usuarios(id)
)
~';
    EXCEPTION
        WHEN OTHERS THEN
            IF SQLCODE != -955 THEN
                RAISE;
            END IF;
    END;
    /
    BEGIN
        EXECUTE IMMEDIATE q'~
CREATE TABLE talhoes (
    id NUMBER GENERATED BY DEFAULT AS IDENTITY
        CONSTRAINT PK_TALHOES PRIMARY KEY,
    fazenda_id NUMBER CONSTRAINT NN_TALHOES_FAZENDA_ID NOT NULL,
    identificacao VARCHAR2(100) CONSTRAINT NN_TALHOES_IDENTIFICACAO NOT NULL,
    tipo_plantio VARCHAR2(30) CONSTRAINT NN_TALHOES_TIPO_PLANTIO NOT NULL,
    area NUMBER(12,2),
    profundidade_amostragem_cm NUMBER(5,2),
    textura_solo VARCHAR2(20),
    bioma VARCHAR2(20),
    latitude_centroide NUMBER(10,7),
    longitude_centroide NUMBER(10,7),
    criado_em TIMESTAMP WITH TIME ZONE DEFAULT SYSTIMESTAMP CONSTRAINT NN_TALHOES_CRIADO_EM NOT NULL,
    CONSTRAINT UQ_TALHOES_FAZENDA_IDENT UNIQUE (fazenda_id, identificacao),
    CONSTRAINT CK_TALHOES_TIPO_PLANTIO CHECK (tipo_plantio IN ('CONVENCIONAL','DIRETO','IRRIGADO','SEQUEIRO','OUTRO')),
    CONSTRAINT CK_TALHOES_TEXTURA_SOLO CHECK (textura_solo IS NULL OR textura_solo IN ('ARENOSA','MEDIA','ARGILOSA','MUITO_ARGILOSA')),
    CONSTRAINT CK_TALHOES_BIOMA CHECK (bioma IS NULL OR bioma IN ('AMAZONIA','CERRADO','CAATINGA','MATA_ATLANTICA','PAMPA','PANTANAL')),
    CONSTRAINT FK_TALHOES_FAZENDAS FOREIGN KEY (fazenda_id) REFERENCES fazendas(id)
)
~';
    EXCEPTION
        WHEN OTHERS THEN
            IF SQLCODE != -955 THEN
                RAISE;
            END IF;
    END;
    /
    BEGIN
        EXECUTE IMMEDIATE q'~
CREATE TABLE laboratorios (
    id NUMBER GENERATED BY DEFAULT AS IDENTITY
        CONSTRAINT PK_LABORATORIOS PRIMARY KEY,
    nome VARCHAR2(150) CONSTRAINT NN_LABORATORIOS_NOME NOT NULL,
    cnpj VARCHAR2(14) CONSTRAINT NN_LABORATORIOS_CNPJ NOT NULL,
    endereco_id NUMBER,
    email VARCHAR2(254) CONSTRAINT NN_LABORATORIOS_EMAIL NOT NULL,
    ativo CHAR(1) DEFAULT 'Y' CONSTRAINT NN_LABORATORIOS_ATIVO NOT NULL,
    acreditacao_iso17025 CHAR(1) DEFAULT 'N' CONSTRAINT NN_LABORATORIOS_ISO NOT NULL,
    registro_renasem VARCHAR2(30),
    credenciamento_mapa VARCHAR2(30),
    criado_em TIMESTAMP WITH TIME ZONE DEFAULT SYSTIMESTAMP CONSTRAINT NN_LABORATORIOS_CRIADO_EM NOT NULL,
    CONSTRAINT UQ_LABORATORIOS_CNPJ UNIQUE (cnpj),
    CONSTRAINT UQ_LABORATORIOS_EMAIL UNIQUE (email),
    CONSTRAINT CK_LABORATORIOS_CNPJ CHECK (REGEXP_LIKE(cnpj, '^[0-9]{14}$')),
    CONSTRAINT CK_LABORATORIOS_ATIVO CHECK (ativo IN ('Y','N')),
    CONSTRAINT CK_LABORATORIOS_ISO CHECK (acreditacao_iso17025 IN ('Y','N')),
    CONSTRAINT FK_LABORATORIOS_ENDERECOS FOREIGN KEY (endereco_id) REFERENCES enderecos(id)
)
~';
    EXCEPTION
        WHEN OTHERS THEN
            IF SQLCODE != -955 THEN
                RAISE;
            END IF;
    END;
    /
    BEGIN
        EXECUTE IMMEDIATE q'~
CREATE TABLE laboratorio_usuarios (
    id NUMBER GENERATED BY DEFAULT AS IDENTITY
        CONSTRAINT PK_LAB_USUARIOS PRIMARY KEY,
    laboratorio_id NUMBER CONSTRAINT NN_LAB_USUARIOS_LAB_ID NOT NULL,
    usuario_id NUMBER CONSTRAINT NN_LAB_USUARIOS_USUARIO_ID NOT NULL,
    papel VARCHAR2(25) CONSTRAINT NN_LAB_USUARIOS_PAPEL NOT NULL,
    registro_crea VARCHAR2(30),
    CONSTRAINT UQ_LAB_USUARIOS UNIQUE (laboratorio_id, usuario_id, papel),
    CONSTRAINT CK_LAB_USUARIOS_PAPEL CHECK (papel IN ('TECNICO','GESTOR','RESPONSAVEL_TECNICO','ADMINISTRADOR')),
    CONSTRAINT FK_LAB_USUARIOS_LABORATORIOS FOREIGN KEY (laboratorio_id) REFERENCES laboratorios(id),
    CONSTRAINT FK_LAB_USUARIOS_USUARIOS FOREIGN KEY (usuario_id) REFERENCES usuarios(id)
)
~';
    EXCEPTION
        WHEN OTHERS THEN
            IF SQLCODE != -955 THEN
                RAISE;
            END IF;
    END;
    /
    BEGIN
        EXECUTE IMMEDIATE q'~
CREATE TABLE telefones_laboratorios (
    id NUMBER GENERATED BY DEFAULT AS IDENTITY
        CONSTRAINT PK_TEL_LABS PRIMARY KEY,
    laboratorio_id NUMBER CONSTRAINT NN_TEL_LABS_LAB_ID NOT NULL,
    numero VARCHAR2(20) CONSTRAINT NN_TEL_LABS_NUMERO NOT NULL,
    tipo VARCHAR2(15) CONSTRAINT NN_TEL_LABS_TIPO NOT NULL,
    CONSTRAINT CK_TEL_LABS_TIPO CHECK (tipo IN ('MOVEL','FIXO','COMERCIAL')),
    CONSTRAINT FK_TEL_LABS_LABS FOREIGN KEY (laboratorio_id) REFERENCES laboratorios(id)
)
~';
    EXCEPTION
        WHEN OTHERS THEN
            IF SQLCODE != -955 THEN
                RAISE;
            END IF;
    END;
    /
    BEGIN
        EXECUTE IMMEDIATE q'~
CREATE TABLE planos_assinaturas (
    id NUMBER GENERATED BY DEFAULT AS IDENTITY
        CONSTRAINT PK_PLANOS PRIMARY KEY,
    tipo VARCHAR2(20) CONSTRAINT NN_PLANOS_TIPO NOT NULL,
    valor NUMBER(12,2) CONSTRAINT NN_PLANOS_VALOR NOT NULL,
    descricao CLOB,
    limite_amostras NUMBER CONSTRAINT NN_PLANOS_LIMITE_AMOSTRAS NOT NULL,
    limite_usuarios NUMBER CONSTRAINT NN_PLANOS_LIMITE_USUARIOS NOT NULL,
    permite_api CHAR(1) DEFAULT 'N' CONSTRAINT NN_PLANOS_PERMITE_API NOT NULL,
    ativo CHAR(1) DEFAULT 'Y' CONSTRAINT NN_PLANOS_ATIVO NOT NULL,
    CONSTRAINT UQ_PLANOS_TIPO UNIQUE (tipo),
    CONSTRAINT CK_PLANOS_TIPO CHECK (tipo IN ('BASICO','PREMIUM')),
    CONSTRAINT CK_PLANOS_PERMITE_API CHECK (permite_api IN ('Y','N')),
    CONSTRAINT CK_PLANOS_ATIVO CHECK (ativo IN ('Y','N'))
)
~';
    EXCEPTION
        WHEN OTHERS THEN
            IF SQLCODE != -955 THEN
                RAISE;
            END IF;
    END;
    /
    BEGIN
        EXECUTE IMMEDIATE q'~
CREATE TABLE assinaturas (
    id NUMBER GENERATED BY DEFAULT AS IDENTITY
        CONSTRAINT PK_ASSINATURAS PRIMARY KEY,
    laboratorio_id NUMBER CONSTRAINT NN_ASSINATURAS_LAB_ID NOT NULL,
    plano_id NUMBER CONSTRAINT NN_ASSINATURAS_PLANO_ID NOT NULL,
    numero_contrato VARCHAR2(50) CONSTRAINT NN_ASSINATURAS_NUM_CONTRATO NOT NULL,
    arquivo_contrato CLOB,
    data_inicio DATE CONSTRAINT NN_ASSINATURAS_DATA_INICIO NOT NULL,
    data_expiracao DATE CONSTRAINT NN_ASSINATURAS_DATA_EXP NOT NULL,
    status VARCHAR2(15) CONSTRAINT NN_ASSINATURAS_STATUS NOT NULL,
    renovacao_automatica CHAR(1) DEFAULT 'N' CONSTRAINT NN_ASSINATURAS_RENOV_AUTO NOT NULL,
    amostras_consumidas NUMBER DEFAULT 0 CONSTRAINT NN_ASSINATURAS_AMOSTRAS_CONSUMIDAS NOT NULL,
    CONSTRAINT UQ_ASSINATURAS_NUM_CONTRATO UNIQUE (numero_contrato),
    CONSTRAINT CK_ASSINATURAS_STATUS CHECK (status IN ('ATIVA','SUSPENSA','CANCELADA','EXPIRADA')),
    CONSTRAINT CK_ASSINATURAS_RENOV_AUTO CHECK (renovacao_automatica IN ('Y','N')),
    CONSTRAINT CK_ASSINATURAS_DATAS CHECK (data_expiracao >= data_inicio),
    CONSTRAINT FK_ASSINATURAS_LABS FOREIGN KEY (laboratorio_id) REFERENCES laboratorios(id),
    CONSTRAINT FK_ASSINATURAS_PLANOS FOREIGN KEY (plano_id) REFERENCES planos_assinaturas(id)
)
~';
    EXCEPTION
        WHEN OTHERS THEN
            IF SQLCODE != -955 THEN
                RAISE;
            END IF;
    END;
    /
    BEGIN
        EXECUTE IMMEDIATE q'~
CREATE TABLE importacoes (
    id NUMBER GENERATED BY DEFAULT AS IDENTITY
        CONSTRAINT PK_IMPORTACOES PRIMARY KEY,
    laboratorio_id NUMBER CONSTRAINT NN_IMPORTACOES_LAB_ID NOT NULL,
    usuario_id NUMBER CONSTRAINT NN_IMPORTACOES_USUARIO_ID NOT NULL,
    nome_arquivo VARCHAR2(255) CONSTRAINT NN_IMPORTACOES_NOME_ARQUIVO NOT NULL,
    tipo_arquivo VARCHAR2(10) CONSTRAINT NN_IMPORTACOES_TIPO_ARQUIVO NOT NULL,
    formato_instrumento VARCHAR2(40),
    caminho_arquivo CLOB CONSTRAINT NN_IMPORTACOES_CAMINHO_ARQ NOT NULL,
    hash_arquivo VARCHAR2(128) CONSTRAINT NN_IMPORTACOES_HASH_ARQUIVO NOT NULL,
    status VARCHAR2(15) CONSTRAINT NN_IMPORTACOES_STATUS NOT NULL,
    mensagem_erro CLOB,
    total_registros NUMBER DEFAULT 0 CONSTRAINT NN_IMPORTACOES_TOTAL_REGISTROS NOT NULL,
    registros_processados NUMBER DEFAULT 0 CONSTRAINT NN_IMPORTACOES_REG_PROC NOT NULL,
    criado_em TIMESTAMP WITH TIME ZONE DEFAULT SYSTIMESTAMP CONSTRAINT NN_IMPORTACOES_CRIADO_EM NOT NULL,
    processado_em TIMESTAMP WITH TIME ZONE,
    CONSTRAINT CK_IMPORTACOES_TIPO_ARQUIVO CHECK (tipo_arquivo IN ('CSV','XLSX')),
    CONSTRAINT CK_IMPORTACOES_STATUS CHECK (status IN ('ENVIADO','PROCESSANDO','PROCESSADO','ERRO')),
    CONSTRAINT FK_IMPORTACOES_LABS FOREIGN KEY (laboratorio_id) REFERENCES laboratorios(id),
    CONSTRAINT FK_IMPORTACOES_USUARIOS FOREIGN KEY (usuario_id) REFERENCES usuarios(id)
)
~';
    EXCEPTION
        WHEN OTHERS THEN
            IF SQLCODE != -955 THEN
                RAISE;
            END IF;
    END;
    /
    BEGIN
        EXECUTE IMMEDIATE q'~
CREATE TABLE amostras (
    id NUMBER GENERATED BY DEFAULT AS IDENTITY
        CONSTRAINT PK_AMOSTRAS PRIMARY KEY,
    talhao_id NUMBER CONSTRAINT NN_AMOSTRAS_TALHAO_ID NOT NULL,
    cliente_id NUMBER CONSTRAINT NN_AMOSTRAS_CLIENTE_ID NOT NULL,
    laboratorio_id NUMBER CONSTRAINT NN_AMOSTRAS_LAB_ID NOT NULL,
    importacao_id NUMBER,
    codigo_interno VARCHAR2(50) CONSTRAINT NN_AMOSTRAS_COD_INTERNO NOT NULL,
    codigo_barras VARCHAR2(64),
    tipo_amostra VARCHAR2(20) CONSTRAINT NN_AMOSTRAS_TIPO NOT NULL,
    descricao CLOB,
    lote VARCHAR2(50),
    tonelada NUMBER(12,3),
    metodo_extracao VARCHAR2(50),
    data_coleta DATE,
    data_entrada DATE CONSTRAINT NN_AMOSTRAS_DATA_ENTRADA NOT NULL,
    data_saida DATE,
    status VARCHAR2(20) CONSTRAINT NN_AMOSTRAS_STATUS NOT NULL,
    prioridade VARCHAR2(10) DEFAULT 'MEDIA' CONSTRAINT NN_AMOSTRAS_PRIORIDADE NOT NULL,
    criado_em TIMESTAMP WITH TIME ZONE DEFAULT SYSTIMESTAMP CONSTRAINT NN_AMOSTRAS_CRIADO_EM NOT NULL,
    CONSTRAINT UQ_AMOSTRAS_COD_INTERNO_LAB UNIQUE (laboratorio_id, codigo_interno),
    CONSTRAINT CK_AMOSTRAS_TIPO CHECK (tipo_amostra IN ('SOLO','FERTILIZANTE','FOLHA','SEMENTE','PRAGA')),
    CONSTRAINT CK_AMOSTRAS_STATUS CHECK (status IN ('RECEBIDA','IMPORTADA','EM_ANALISE','REVISAO','LAUDO_GERADO','ENVIADA','CANCELADA')),
    CONSTRAINT CK_AMOSTRAS_PRIORIDADE CHECK (prioridade IN ('BAIXA','MEDIA','ALTA','URGENTE')),
    CONSTRAINT CK_AMOSTRAS_DATAS CHECK (data_saida IS NULL OR data_saida >= data_entrada),
    CONSTRAINT FK_AMOSTRAS_TALHOES FOREIGN KEY (talhao_id) REFERENCES talhoes(id),
    CONSTRAINT FK_AMOSTRAS_CLIENTES FOREIGN KEY (cliente_id) REFERENCES usuarios(id),
    CONSTRAINT FK_AMOSTRAS_LABS FOREIGN KEY (laboratorio_id) REFERENCES laboratorios(id),
    CONSTRAINT FK_AMOSTRAS_IMPORTACOES FOREIGN KEY (importacao_id) REFERENCES importacoes(id)
)
~';
    EXCEPTION
        WHEN OTHERS THEN
            IF SQLCODE != -955 THEN
                RAISE;
            END IF;
    END;
    /
    BEGIN
        EXECUTE IMMEDIATE q'~
CREATE TABLE configuracoes_calculo (
    id NUMBER GENERATED BY DEFAULT AS IDENTITY
        CONSTRAINT PK_CONFIG_CALC PRIMARY KEY,
    laboratorio_id NUMBER,
    tipo_laudo VARCHAR2(20) CONSTRAINT NN_CONFIG_CALC_TIPO NOT NULL,
    descricao VARCHAR2(200) CONSTRAINT NN_CONFIG_CALC_DESCRICAO NOT NULL,
    elemento VARCHAR2(100) CONSTRAINT NN_CONFIG_CALC_ELEMENTO NOT NULL,
    formula_matematica CLOB CONSTRAINT NN_CONFIG_CALC_FORMULA NOT NULL,
    unidade_resultado VARCHAR2(30),
    ativo CHAR(1) DEFAULT 'Y' CONSTRAINT NN_CONFIG_CALC_ATIVO NOT NULL,
    versao NUMBER(6,2) CONSTRAINT NN_CONFIG_CALC_VERSAO NOT NULL,
    ordem_execucao NUMBER CONSTRAINT NN_CONFIG_CALC_ORDEM NOT NULL,
    substituido_por NUMBER,
    valido_de DATE CONSTRAINT NN_CONFIG_CALC_VALIDO_DE NOT NULL,
    valido_ate DATE,
    CONSTRAINT CK_CONFIG_CALC_TIPO CHECK (tipo_laudo IN ('SOLO','FERTILIZANTE','FOLHA','SEMENTE','PRAGA')),
    CONSTRAINT CK_CONFIG_CALC_ATIVO CHECK (ativo IN ('Y','N')),
    CONSTRAINT CK_CONFIG_CALC_VIGENCIA CHECK (valido_ate IS NULL OR valido_ate >= valido_de),
    CONSTRAINT FK_CONFIG_CALC_LABS FOREIGN KEY (laboratorio_id) REFERENCES laboratorios(id),
    CONSTRAINT FK_CONFIG_CALC_SUBSTITUIDO_POR FOREIGN KEY (substituido_por) REFERENCES configuracoes_calculo(id)
)
~';
    EXCEPTION
        WHEN OTHERS THEN
            IF SQLCODE != -955 THEN
                RAISE;
            END IF;
    END;
    /
    BEGIN
        EXECUTE IMMEDIATE q'~
CREATE TABLE laudos (
    id NUMBER GENERATED BY DEFAULT AS IDENTITY
        CONSTRAINT PK_LAUDOS PRIMARY KEY,
    amostra_id NUMBER CONSTRAINT NN_LAUDOS_AMOSTRA_ID NOT NULL,
    laboratorio_id NUMBER CONSTRAINT NN_LAUDOS_LAB_ID NOT NULL,
    responsavel_id NUMBER,
    tipo_laudo VARCHAR2(20) CONSTRAINT NN_LAUDOS_TIPO NOT NULL,
    numero_pedido VARCHAR2(50),
    numero_laudo VARCHAR2(50) CONSTRAINT NN_LAUDOS_NUM_LAUDO NOT NULL,
    solicitante_nome VARCHAR2(200),
    razao_social VARCHAR2(200),
    propriedade VARCHAR2(200),
    cidade VARCHAR2(100),
    data_entrada DATE,
    data_saida DATE,
    data_emissao DATE CONSTRAINT NN_LAUDOS_DATA_EMISSAO NOT NULL,
    status VARCHAR2(15) CONSTRAINT NN_LAUDOS_STATUS NOT NULL,
    pdf_path CLOB,
    hash_autenticacao VARCHAR2(128),
    observacoes CLOB,
    responsavel_tecnico_nome VARCHAR2(200),
    responsavel_tecnico_registro VARCHAR2(50),
    credenciamento_mapa VARCHAR2(30),
    criado_em TIMESTAMP WITH TIME ZONE DEFAULT SYSTIMESTAMP CONSTRAINT NN_LAUDOS_CRIADO_EM NOT NULL,
    CONSTRAINT UQ_LAUDOS_NUM_LAUDO_LAB UNIQUE (laboratorio_id, numero_laudo),
    CONSTRAINT CK_LAUDOS_TIPO CHECK (tipo_laudo IN ('SOLO','FERTILIZANTE','FOLHA','SEMENTE','PRAGA')),
    CONSTRAINT CK_LAUDOS_STATUS CHECK (status IN ('RASCUNHO','EM_REVISAO','APROVADO','EMITIDO','CANCELADO')),
    CONSTRAINT FK_LAUDOS_AMOSTRAS FOREIGN KEY (amostra_id) REFERENCES amostras(id),
    CONSTRAINT FK_LAUDOS_LABS FOREIGN KEY (laboratorio_id) REFERENCES laboratorios(id),
    CONSTRAINT FK_LAUDOS_RESPONSAVEL FOREIGN KEY (responsavel_id) REFERENCES usuarios(id)
)
~';
    EXCEPTION
        WHEN OTHERS THEN
            IF SQLCODE != -955 THEN
                RAISE;
            END IF;
    END;
    /
    BEGIN
        EXECUTE IMMEDIATE q'~
CREATE TABLE laudo_resultados (
    id NUMBER GENERATED BY DEFAULT AS IDENTITY
        CONSTRAINT PK_LAUDO_RESULTADOS PRIMARY KEY,
    laudo_id NUMBER CONSTRAINT NN_LAUDO_RESULTADOS_LAUDO_ID NOT NULL,
    configuracao_id NUMBER,
    parametro VARCHAR2(120) CONSTRAINT NN_LAUDO_RESULTADOS_PARAMETRO NOT NULL,
    unidade VARCHAR2(30),
    garantia VARCHAR2(50),
    resultado NUMBER(18,6),
    resultado_convertido NUMBER(18,6),
    unidade_convertida VARCHAR2(30),
    classe_interpretativa VARCHAR2(30),
    ordem_exibicao NUMBER CONSTRAINT NN_LAUDO_RESULTADOS_ORDEM NOT NULL,
    fora_spec CHAR(1) DEFAULT 'N' CONSTRAINT NN_LAUDO_RESULTADOS_FORA_SPEC NOT NULL,
    CONSTRAINT CK_LAUDO_RESULTADOS_CLASSE CHECK (classe_interpretativa IS NULL OR classe_interpretativa IN ('MUITO_BAIXO','BAIXO','MEDIO','ADEQUADO','ALTO','MUITO_ALTO','FORA_ESPEC')),
    CONSTRAINT CK_LAUDO_RESULTADOS_FORA_SPEC CHECK (fora_spec IN ('Y','N')),
    CONSTRAINT FK_LAUDO_RESULTADOS_LAUDOS FOREIGN KEY (laudo_id) REFERENCES laudos(id),
    CONSTRAINT FK_LAUDO_RESULTADOS_CONFIG FOREIGN KEY (configuracao_id) REFERENCES configuracoes_calculo(id)
)
~';
    EXCEPTION
        WHEN OTHERS THEN
            IF SQLCODE != -955 THEN
                RAISE;
            END IF;
    END;
    /
    BEGIN
        EXECUTE IMMEDIATE q'~
CREATE TABLE arquivos (
    id NUMBER GENERATED BY DEFAULT AS IDENTITY
        CONSTRAINT PK_ARQUIVOS PRIMARY KEY,
    laboratorio_id NUMBER CONSTRAINT NN_ARQUIVOS_LAB_ID NOT NULL,
    amostra_id NUMBER,
    laudo_id NUMBER,
    importacao_id NUMBER,
    tipo_arquivo VARCHAR2(20) CONSTRAINT NN_ARQUIVOS_TIPO NOT NULL,
    nome_original VARCHAR2(255) CONSTRAINT NN_ARQUIVOS_NOME_ORIGINAL NOT NULL,
    caminho_arquivo CLOB CONSTRAINT NN_ARQUIVOS_CAMINHO NOT NULL,
    extensao VARCHAR2(10) CONSTRAINT NN_ARQUIVOS_EXTENSAO NOT NULL,
    tamanho NUMBER CONSTRAINT NN_ARQUIVOS_TAMANHO NOT NULL,
    hash_md5 VARCHAR2(32),
    criado_em TIMESTAMP WITH TIME ZONE DEFAULT SYSTIMESTAMP CONSTRAINT NN_ARQUIVOS_CRIADO_EM NOT NULL,
    CONSTRAINT CK_ARQUIVOS_TIPO CHECK (tipo_arquivo IN ('BRUTO','PREVIEW','PDF_FINAL','CONTRATO','ANEXO')),
    CONSTRAINT FK_ARQUIVOS_LABS FOREIGN KEY (laboratorio_id) REFERENCES laboratorios(id),
    CONSTRAINT FK_ARQUIVOS_AMOSTRAS FOREIGN KEY (amostra_id) REFERENCES amostras(id),
    CONSTRAINT FK_ARQUIVOS_LAUDOS FOREIGN KEY (laudo_id) REFERENCES laudos(id),
    CONSTRAINT FK_ARQUIVOS_IMPORTACOES FOREIGN KEY (importacao_id) REFERENCES importacoes(id)
)
~';
    EXCEPTION
        WHEN OTHERS THEN
            IF SQLCODE != -955 THEN
                RAISE;
            END IF;
    END;
    /
    BEGIN
        EXECUTE IMMEDIATE q'~
CREATE TABLE variaveis_calculo (
    id NUMBER GENERATED BY DEFAULT AS IDENTITY
        CONSTRAINT PK_VARIAVEIS_CALC PRIMARY KEY,
    configuracao_id NUMBER CONSTRAINT NN_VARIAVEIS_CALC_CONFIG_ID NOT NULL,
    nome_variavel VARCHAR2(60) CONSTRAINT NN_VARIAVEIS_CALC_NOME NOT NULL,
    origem_variavel VARCHAR2(20) CONSTRAINT NN_VARIAVEIS_CALC_ORIGEM NOT NULL,
    parametro_ref VARCHAR2(120),
    constante_valor NUMBER(18,6),
    descricao VARCHAR2(200),
    CONSTRAINT UQ_VARIAVEIS_CALC UNIQUE (configuracao_id, nome_variavel),
    CONSTRAINT CK_VARIAVEIS_CALC_ORIGEM CHECK (origem_variavel IN ('AMOSTRA','RESULTADO','CONSTANTE','LIMITE')),
    CONSTRAINT FK_VARIAVEIS_CALC_CONFIG FOREIGN KEY (configuracao_id) REFERENCES configuracoes_calculo(id)
)
~';
    EXCEPTION
        WHEN OTHERS THEN
            IF SQLCODE != -955 THEN
                RAISE;
            END IF;
    END;
    /
    BEGIN
        EXECUTE IMMEDIATE q'~
CREATE TABLE limites_referencia (
    id NUMBER GENERATED BY DEFAULT AS IDENTITY
        CONSTRAINT PK_LIMITES_REF PRIMARY KEY,
    configuracao_id NUMBER CONSTRAINT NN_LIMITES_REF_CONFIG_ID NOT NULL,
    cultura VARCHAR2(80),
    classe VARCHAR2(30) CONSTRAINT NN_LIMITES_REF_CLASSE NOT NULL,
    valor_minimo NUMBER(18,6),
    valor_maximo NUMBER(18,6),
    unidade VARCHAR2(30),
    bioma VARCHAR2(20),
    metodo_extracao VARCHAR2(50),
    versao NUMBER(6,2) CONSTRAINT NN_LIMITES_REF_VERSAO NOT NULL,
    criado_em TIMESTAMP WITH TIME ZONE DEFAULT SYSTIMESTAMP CONSTRAINT NN_LIMITES_REF_CRIADO_EM NOT NULL,
    CONSTRAINT CK_LIMITES_REF_CLASSE CHECK (classe IN ('MUITO_BAIXO','BAIXO','MEDIO','ADEQUADO','ALTO','MUITO_ALTO')),
    CONSTRAINT CK_LIMITES_REF_INTERVALO CHECK (valor_minimo IS NULL OR valor_maximo IS NULL OR valor_maximo >= valor_minimo),
    CONSTRAINT FK_LIMITES_REF_CONFIG FOREIGN KEY (configuracao_id) REFERENCES configuracoes_calculo(id)
)
~';
    EXCEPTION
        WHEN OTHERS THEN
            IF SQLCODE != -955 THEN
                RAISE;
            END IF;
    END;
    /
    BEGIN
        EXECUTE IMMEDIATE q'~
CREATE TABLE eventos_auditoria (
    id NUMBER GENERATED BY DEFAULT AS IDENTITY
        CONSTRAINT PK_EVENTOS_AUD PRIMARY KEY,
    usuario_id NUMBER,
    laboratorio_id NUMBER,
    tabela_afetada VARCHAR2(60) CONSTRAINT NN_EVENTOS_AUD_TABELA NOT NULL,
    registro_id NUMBER CONSTRAINT NN_EVENTOS_AUD_REGISTRO_ID NOT NULL,
    operacao VARCHAR2(10) CONSTRAINT NN_EVENTOS_AUD_OPERACAO NOT NULL,
    dados_anteriores CLOB,
    dados_novos CLOB,
    ip_origem VARCHAR2(45),
    criado_em TIMESTAMP WITH TIME ZONE DEFAULT SYSTIMESTAMP CONSTRAINT NN_EVENTOS_AUD_CRIADO_EM NOT NULL,
    CONSTRAINT CK_EVENTOS_AUD_OPERACAO CHECK (operacao IN ('INSERT','UPDATE','DELETE','LOGIN','DOWNLOAD')),
    CONSTRAINT FK_EVENTOS_AUD_USUARIOS FOREIGN KEY (usuario_id) REFERENCES usuarios(id),
    CONSTRAINT FK_EVENTOS_AUD_LABS FOREIGN KEY (laboratorio_id) REFERENCES laboratorios(id)
)
~';
    EXCEPTION
        WHEN OTHERS THEN
            IF SQLCODE != -955 THEN
                RAISE;
            END IF;
    END;
    /

-- 3c. COMMENT ON TABLE / COMMENT ON COLUMN
COMMENT ON TABLE enderecos IS 'Catálogo de endereços reutilizado por usuários, fazendas e laboratórios.';
COMMENT ON COLUMN enderecos.id IS 'Identificador técnico do endereço.';
COMMENT ON COLUMN enderecos.cep IS 'CEP sem máscara, com 8 dígitos.';
COMMENT ON COLUMN enderecos.logradouro IS 'Logradouro.';
COMMENT ON COLUMN enderecos.numero IS 'Número ou identificação equivalente.';
COMMENT ON COLUMN enderecos.complemento IS 'Complemento opcional.';
COMMENT ON COLUMN enderecos.bairro IS 'Bairro ou distrito.';
COMMENT ON COLUMN enderecos.cidade IS 'Cidade.';
COMMENT ON COLUMN enderecos.estado IS 'UF com duas letras.';
COMMENT ON COLUMN enderecos.latitude IS 'Latitude do endereço, quando conhecida.';
COMMENT ON COLUMN enderecos.longitude IS 'Longitude do endereço, quando conhecida.';
COMMENT ON COLUMN enderecos.pais IS 'País do endereço.';
COMMENT ON TABLE usuarios IS 'Cadastro de pessoas físicas e operadores do sistema.';
COMMENT ON COLUMN usuarios.id IS 'Identificador do usuário.';
COMMENT ON COLUMN usuarios.nome IS 'Nome.';
COMMENT ON COLUMN usuarios.sobrenome IS 'Sobrenome.';
COMMENT ON COLUMN usuarios.email IS 'Email único de login.';
COMMENT ON COLUMN usuarios.senha_hash IS 'Hash da senha.';
COMMENT ON COLUMN usuarios.tipo_usuario IS 'UE, UP, UC ou ADM.';
COMMENT ON COLUMN usuarios.endereco_id IS 'Endereço principal.';
COMMENT ON COLUMN usuarios.ativo IS 'Indicador Y/N.';
COMMENT ON COLUMN usuarios.criado_em IS 'Data de criação.';
COMMENT ON COLUMN usuarios.ultimo_acesso IS 'Último acesso autenticado.';
COMMENT ON TABLE telefones_usuarios IS 'Telefones de contato associados aos usuários.';
COMMENT ON COLUMN telefones_usuarios.id IS 'Identificador do telefone.';
COMMENT ON COLUMN telefones_usuarios.usuario_id IS 'Usuário dono do telefone.';
COMMENT ON COLUMN telefones_usuarios.numero IS 'Número telefônico.';
COMMENT ON COLUMN telefones_usuarios.tipo IS 'Móvel, fixo ou comercial.';
COMMENT ON COLUMN telefones_usuarios.whatsapp IS 'Indicador Y/N.';
COMMENT ON TABLE fazendas IS 'Unidades produtivas rurais cadastradas na plataforma.';
COMMENT ON COLUMN fazendas.id IS 'Identificador da fazenda.';
COMMENT ON COLUMN fazendas.nome IS 'Nome da fazenda.';
COMMENT ON COLUMN fazendas.cpf_cnpj IS 'Documento sem máscara.';
COMMENT ON COLUMN fazendas.endereco_id IS 'Endereço principal.';
COMMENT ON COLUMN fazendas.car IS 'Cadastro Ambiental Rural.';
COMMENT ON COLUMN fazendas.area_total_ha IS 'Área total em hectares.';
COMMENT ON COLUMN fazendas.criado_em IS 'Data de criação.';
COMMENT ON TABLE fazenda_usuarios IS 'Vínculo entre fazendas e usuários com papel e vigência.';
COMMENT ON COLUMN fazenda_usuarios.id IS 'Identificador da associação.';
COMMENT ON COLUMN fazenda_usuarios.fazenda_id IS 'Fazenda vinculada.';
COMMENT ON COLUMN fazenda_usuarios.usuario_id IS 'Usuário vinculado.';
COMMENT ON COLUMN fazenda_usuarios.papel IS 'DONO, FUNCIONARIO ou GERENTE.';
COMMENT ON COLUMN fazenda_usuarios.inicio_vigencia IS 'Início da vigência do vínculo.';
COMMENT ON COLUMN fazenda_usuarios.fim_vigencia IS 'Fim da vigência do vínculo.';
COMMENT ON TABLE talhoes IS 'Subdivisões operacionais de fazendas, base para rastreabilidade e geoespacial.';
COMMENT ON COLUMN talhoes.id IS 'Identificador do talhão.';
COMMENT ON COLUMN talhoes.fazenda_id IS 'Fazenda do talhão.';
COMMENT ON COLUMN talhoes.identificacao IS 'Código/nome do talhão.';
COMMENT ON COLUMN talhoes.tipo_plantio IS 'Tipo de plantio.';
COMMENT ON COLUMN talhoes.area IS 'Área em hectares.';
COMMENT ON COLUMN talhoes.profundidade_amostragem_cm IS 'Profundidade padrão.';
COMMENT ON COLUMN talhoes.textura_solo IS 'Textura do solo.';
COMMENT ON COLUMN talhoes.bioma IS 'Bioma predominante.';
COMMENT ON COLUMN talhoes.latitude_centroide IS 'Latitude do centróide.';
COMMENT ON COLUMN talhoes.longitude_centroide IS 'Longitude do centróide.';
COMMENT ON COLUMN talhoes.criado_em IS 'Data de criação.';
COMMENT ON TABLE laboratorios IS 'Laboratórios/consultorias que operam o sistema.';
COMMENT ON COLUMN laboratorios.id IS 'Identificador do laboratório.';
COMMENT ON COLUMN laboratorios.nome IS 'Nome do laboratório.';
COMMENT ON COLUMN laboratorios.cnpj IS 'CNPJ sem máscara.';
COMMENT ON COLUMN laboratorios.endereco_id IS 'Endereço principal.';
COMMENT ON COLUMN laboratorios.email IS 'Email principal.';
COMMENT ON COLUMN laboratorios.ativo IS 'Indicador Y/N.';
COMMENT ON COLUMN laboratorios.acreditacao_iso17025 IS 'Indicador Y/N.';
COMMENT ON COLUMN laboratorios.registro_renasem IS 'Registro RENASEM.';
COMMENT ON COLUMN laboratorios.credenciamento_mapa IS 'Credenciamento MAPA.';
COMMENT ON COLUMN laboratorios.criado_em IS 'Data de criação.';
COMMENT ON TABLE laboratorio_usuarios IS 'Vínculo entre laboratório e seus usuários internos.';
COMMENT ON COLUMN laboratorio_usuarios.id IS 'Identificador da associação.';
COMMENT ON COLUMN laboratorio_usuarios.laboratorio_id IS 'Laboratório.';
COMMENT ON COLUMN laboratorio_usuarios.usuario_id IS 'Usuário.';
COMMENT ON COLUMN laboratorio_usuarios.papel IS 'TECNICO, GESTOR, RESPONSAVEL_TECNICO ou ADMINISTRADOR.';
COMMENT ON COLUMN laboratorio_usuarios.registro_crea IS 'Registro CREA/CRQ.';
COMMENT ON TABLE telefones_laboratorios IS 'Telefones de contato do laboratório.';
COMMENT ON COLUMN telefones_laboratorios.id IS 'Identificador do telefone.';
COMMENT ON COLUMN telefones_laboratorios.laboratorio_id IS 'Laboratório.';
COMMENT ON COLUMN telefones_laboratorios.numero IS 'Número telefônico.';
COMMENT ON COLUMN telefones_laboratorios.tipo IS 'Móvel, fixo ou comercial.';
COMMENT ON TABLE planos_assinaturas IS 'Planos comerciais SaaS ofertados ao laboratório.';
COMMENT ON COLUMN planos_assinaturas.id IS 'Identificador do plano.';
COMMENT ON COLUMN planos_assinaturas.tipo IS 'BASICO ou PREMIUM.';
COMMENT ON COLUMN planos_assinaturas.valor IS 'Valor do plano.';
COMMENT ON COLUMN planos_assinaturas.descricao IS 'Descrição comercial.';
COMMENT ON COLUMN planos_assinaturas.limite_amostras IS 'Limite de amostras.';
COMMENT ON COLUMN planos_assinaturas.limite_usuarios IS 'Limite de usuários.';
COMMENT ON COLUMN planos_assinaturas.permite_api IS 'Indicador Y/N.';
COMMENT ON COLUMN planos_assinaturas.ativo IS 'Indicador Y/N.';
COMMENT ON TABLE assinaturas IS 'Assinaturas ativas, suspensas ou expiradas dos laboratórios.';
COMMENT ON COLUMN assinaturas.id IS 'Identificador da assinatura.';
COMMENT ON COLUMN assinaturas.laboratorio_id IS 'Laboratório assinante.';
COMMENT ON COLUMN assinaturas.plano_id IS 'Plano contratado.';
COMMENT ON COLUMN assinaturas.numero_contrato IS 'Número do contrato.';
COMMENT ON COLUMN assinaturas.arquivo_contrato IS 'Caminho ou conteúdo externo do contrato.';
COMMENT ON COLUMN assinaturas.data_inicio IS 'Início da vigência.';
COMMENT ON COLUMN assinaturas.data_expiracao IS 'Fim da vigência.';
COMMENT ON COLUMN assinaturas.status IS 'ATIVA, SUSPENSA, CANCELADA, EXPIRADA.';
COMMENT ON COLUMN assinaturas.renovacao_automatica IS 'Indicador Y/N.';
COMMENT ON COLUMN assinaturas.amostras_consumidas IS 'Consumo acumulado.';
COMMENT ON TABLE importacoes IS 'Arquivos brutos importados e seu estado de processamento.';
COMMENT ON COLUMN importacoes.id IS 'Identificador da importação.';
COMMENT ON COLUMN importacoes.laboratorio_id IS 'Laboratório dono da importação.';
COMMENT ON COLUMN importacoes.usuario_id IS 'Usuário que enviou o arquivo.';
COMMENT ON COLUMN importacoes.nome_arquivo IS 'Nome original.';
COMMENT ON COLUMN importacoes.tipo_arquivo IS 'CSV ou XLSX.';
COMMENT ON COLUMN importacoes.formato_instrumento IS 'Origem/formato do equipamento.';
COMMENT ON COLUMN importacoes.caminho_arquivo IS 'Caminho lógico/físico.';
COMMENT ON COLUMN importacoes.hash_arquivo IS 'Hash de integridade.';
COMMENT ON COLUMN importacoes.status IS 'ENVIADO, PROCESSANDO, PROCESSADO, ERRO.';
COMMENT ON COLUMN importacoes.mensagem_erro IS 'Erro de processamento.';
COMMENT ON COLUMN importacoes.total_registros IS 'Total esperado.';
COMMENT ON COLUMN importacoes.registros_processados IS 'Registros processados.';
COMMENT ON COLUMN importacoes.criado_em IS 'Criação.';
COMMENT ON COLUMN importacoes.processado_em IS 'Fim do processamento.';
COMMENT ON TABLE amostras IS 'Registro de amostras enviadas ao laboratório.';
COMMENT ON COLUMN amostras.id IS 'Identificador da amostra.';
COMMENT ON COLUMN amostras.talhao_id IS 'Talhão de origem.';
COMMENT ON COLUMN amostras.cliente_id IS 'Cliente/produtor.';
COMMENT ON COLUMN amostras.laboratorio_id IS 'Laboratório responsável.';
COMMENT ON COLUMN amostras.importacao_id IS 'Importação origem.';
COMMENT ON COLUMN amostras.codigo_interno IS 'Código interno do laboratório.';
COMMENT ON COLUMN amostras.codigo_barras IS 'Código de barras.';
COMMENT ON COLUMN amostras.tipo_amostra IS 'SOLO, FERTILIZANTE, FOLHA, SEMENTE, PRAGA.';
COMMENT ON COLUMN amostras.descricao IS 'Descrição complementar.';
COMMENT ON COLUMN amostras.lote IS 'Lote associado.';
COMMENT ON COLUMN amostras.tonelada IS 'Tonelagem, quando aplicável.';
COMMENT ON COLUMN amostras.metodo_extracao IS 'Método de extração.';
COMMENT ON COLUMN amostras.data_coleta IS 'Data de coleta.';
COMMENT ON COLUMN amostras.data_entrada IS 'Entrada no laboratório.';
COMMENT ON COLUMN amostras.data_saida IS 'Saída/conclusão.';
COMMENT ON COLUMN amostras.status IS 'RECEBIDA, IMPORTADA, EM_ANALISE, REVISAO, LAUDO_GERADO, ENVIADA, CANCELADA.';
COMMENT ON COLUMN amostras.prioridade IS 'BAIXA, MEDIA, ALTA, URGENTE.';
COMMENT ON COLUMN amostras.criado_em IS 'Criação.';
COMMENT ON TABLE configuracoes_calculo IS 'Regras e fórmulas parametrizadas do motor de cálculo.';
COMMENT ON COLUMN configuracoes_calculo.id IS 'Identificador da configuração.';
COMMENT ON COLUMN configuracoes_calculo.laboratorio_id IS 'Laboratório dono; nulo para regra global.';
COMMENT ON COLUMN configuracoes_calculo.tipo_laudo IS 'Tipo de laudo.';
COMMENT ON COLUMN configuracoes_calculo.descricao IS 'Descrição da regra.';
COMMENT ON COLUMN configuracoes_calculo.elemento IS 'Elemento/indicador calculado.';
COMMENT ON COLUMN configuracoes_calculo.formula_matematica IS 'Expressão da fórmula.';
COMMENT ON COLUMN configuracoes_calculo.unidade_resultado IS 'Unidade do resultado.';
COMMENT ON COLUMN configuracoes_calculo.ativo IS 'Indicador Y/N.';
COMMENT ON COLUMN configuracoes_calculo.versao IS 'Versão da regra.';
COMMENT ON COLUMN configuracoes_calculo.ordem_execucao IS 'Ordem de execução.';
COMMENT ON COLUMN configuracoes_calculo.substituido_por IS 'Nova configuração que substitui a atual.';
COMMENT ON COLUMN configuracoes_calculo.valido_de IS 'Início da validade.';
COMMENT ON COLUMN configuracoes_calculo.valido_ate IS 'Fim da validade.';
COMMENT ON TABLE laudos IS 'Cabeçalho e metadados de laudos emitidos.';
COMMENT ON COLUMN laudos.id IS 'Identificador do laudo.';
COMMENT ON COLUMN laudos.amostra_id IS 'Amostra analisada.';
COMMENT ON COLUMN laudos.laboratorio_id IS 'Laboratório emissor.';
COMMENT ON COLUMN laudos.responsavel_id IS 'Usuário responsável interno.';
COMMENT ON COLUMN laudos.tipo_laudo IS 'SOLO, FERTILIZANTE, FOLHA, SEMENTE, PRAGA.';
COMMENT ON COLUMN laudos.numero_pedido IS 'Número do pedido.';
COMMENT ON COLUMN laudos.numero_laudo IS 'Número do laudo.';
COMMENT ON COLUMN laudos.solicitante_nome IS 'Solicitante exibido no PDF.';
COMMENT ON COLUMN laudos.razao_social IS 'Razão social exibida.';
COMMENT ON COLUMN laudos.propriedade IS 'Nome da propriedade.';
COMMENT ON COLUMN laudos.cidade IS 'Cidade exibida.';
COMMENT ON COLUMN laudos.data_entrada IS 'Entrada informada no laudo.';
COMMENT ON COLUMN laudos.data_saida IS 'Saída informada no laudo.';
COMMENT ON COLUMN laudos.data_emissao IS 'Emissão.';
COMMENT ON COLUMN laudos.status IS 'RASCUNHO, EM_REVISAO, APROVADO, EMITIDO, CANCELADO.';
COMMENT ON COLUMN laudos.pdf_path IS 'Caminho do PDF.';
COMMENT ON COLUMN laudos.hash_autenticacao IS 'Hash/código de autenticação.';
COMMENT ON COLUMN laudos.observacoes IS 'Observações técnicas.';
COMMENT ON COLUMN laudos.responsavel_tecnico_nome IS 'Responsável técnico impresso.';
COMMENT ON COLUMN laudos.responsavel_tecnico_registro IS 'Registro profissional impresso.';
COMMENT ON COLUMN laudos.credenciamento_mapa IS 'Credenciamento MAPA.';
COMMENT ON COLUMN laudos.criado_em IS 'Criação.';
COMMENT ON TABLE laudo_resultados IS 'Linhas de resultados analíticos exibidos em cada laudo.';
COMMENT ON COLUMN laudo_resultados.id IS 'Identificador do resultado.';
COMMENT ON COLUMN laudo_resultados.laudo_id IS 'Laudo pai.';
COMMENT ON COLUMN laudo_resultados.configuracao_id IS 'Configuração de cálculo associada.';
COMMENT ON COLUMN laudo_resultados.parametro IS 'Nome do parâmetro.';
COMMENT ON COLUMN laudo_resultados.unidade IS 'Unidade original.';
COMMENT ON COLUMN laudo_resultados.garantia IS 'Faixa/garantia contratual.';
COMMENT ON COLUMN laudo_resultados.resultado IS 'Resultado original.';
COMMENT ON COLUMN laudo_resultados.resultado_convertido IS 'Resultado convertido.';
COMMENT ON COLUMN laudo_resultados.unidade_convertida IS 'Unidade convertida.';
COMMENT ON COLUMN laudo_resultados.classe_interpretativa IS 'Classe interpretativa.';
COMMENT ON COLUMN laudo_resultados.ordem_exibicao IS 'Ordem no PDF.';
COMMENT ON COLUMN laudo_resultados.fora_spec IS 'Indicador Y/N.';
COMMENT ON TABLE arquivos IS 'Repositório lógico de arquivos brutos e gerados.';
COMMENT ON COLUMN arquivos.id IS 'Identificador do arquivo.';
COMMENT ON COLUMN arquivos.laboratorio_id IS 'Laboratório dono.';
COMMENT ON COLUMN arquivos.amostra_id IS 'Amostra relacionada.';
COMMENT ON COLUMN arquivos.laudo_id IS 'Laudo relacionado.';
COMMENT ON COLUMN arquivos.importacao_id IS 'Importação relacionada.';
COMMENT ON COLUMN arquivos.tipo_arquivo IS 'BRUTO, PREVIEW, PDF_FINAL, CONTRATO, ANEXO.';
COMMENT ON COLUMN arquivos.nome_original IS 'Nome original.';
COMMENT ON COLUMN arquivos.caminho_arquivo IS 'Caminho lógico/físico.';
COMMENT ON COLUMN arquivos.extensao IS 'Extensão.';
COMMENT ON COLUMN arquivos.tamanho IS 'Tamanho em bytes.';
COMMENT ON COLUMN arquivos.hash_md5 IS 'Hash MD5.';
COMMENT ON COLUMN arquivos.criado_em IS 'Criação.';
COMMENT ON TABLE variaveis_calculo IS 'Variáveis utilizadas nas fórmulas parametrizadas.';
COMMENT ON COLUMN variaveis_calculo.id IS 'Identificador da variável.';
COMMENT ON COLUMN variaveis_calculo.configuracao_id IS 'Configuração pai.';
COMMENT ON COLUMN variaveis_calculo.nome_variavel IS 'Símbolo da variável.';
COMMENT ON COLUMN variaveis_calculo.origem_variavel IS 'AMOSTRA, RESULTADO, CONSTANTE, LIMITE.';
COMMENT ON COLUMN variaveis_calculo.parametro_ref IS 'Parâmetro de referência.';
COMMENT ON COLUMN variaveis_calculo.constante_valor IS 'Valor constante.';
COMMENT ON COLUMN variaveis_calculo.descricao IS 'Descrição.';
COMMENT ON TABLE limites_referencia IS 'Faixas de referência e classes interpretativas por configuração.';
COMMENT ON COLUMN limites_referencia.id IS 'Identificador do limite.';
COMMENT ON COLUMN limites_referencia.configuracao_id IS 'Configuração associada.';
COMMENT ON COLUMN limites_referencia.cultura IS 'Cultura agrícola.';
COMMENT ON COLUMN limites_referencia.classe IS 'Classe interpretativa.';
COMMENT ON COLUMN limites_referencia.valor_minimo IS 'Valor mínimo.';
COMMENT ON COLUMN limites_referencia.valor_maximo IS 'Valor máximo.';
COMMENT ON COLUMN limites_referencia.unidade IS 'Unidade do limite.';
COMMENT ON COLUMN limites_referencia.bioma IS 'Bioma aplicável.';
COMMENT ON COLUMN limites_referencia.metodo_extracao IS 'Método aplicável.';
COMMENT ON COLUMN limites_referencia.versao IS 'Versão.';
COMMENT ON COLUMN limites_referencia.criado_em IS 'Criação.';
COMMENT ON TABLE eventos_auditoria IS 'Trilha de auditoria de ações relevantes na plataforma.';
COMMENT ON COLUMN eventos_auditoria.id IS 'Identificador do evento.';
COMMENT ON COLUMN eventos_auditoria.usuario_id IS 'Usuário que executou a ação.';
COMMENT ON COLUMN eventos_auditoria.laboratorio_id IS 'Tenant afetado.';
COMMENT ON COLUMN eventos_auditoria.tabela_afetada IS 'Tabela alterada.';
COMMENT ON COLUMN eventos_auditoria.registro_id IS 'Registro afetado.';
COMMENT ON COLUMN eventos_auditoria.operacao IS 'INSERT, UPDATE, DELETE, LOGIN, DOWNLOAD.';
COMMENT ON COLUMN eventos_auditoria.dados_anteriores IS 'Payload anterior.';
COMMENT ON COLUMN eventos_auditoria.dados_novos IS 'Payload novo.';
COMMENT ON COLUMN eventos_auditoria.ip_origem IS 'IP de origem.';
COMMENT ON COLUMN eventos_auditoria.criado_em IS 'Data do evento.';

-- 3d. CREATE INDEX para FKs e campos de busca
BEGIN
    EXECUTE IMMEDIATE q'~CREATE INDEX IDX_USUARIOS_ENDERECO ON usuarios (endereco_id)~';
EXCEPTION
    WHEN OTHERS THEN
        IF SQLCODE != -955 AND SQLCODE != -1408 THEN
            RAISE;
        END IF;
END;
/
BEGIN
    EXECUTE IMMEDIATE q'~CREATE INDEX IDX_USUARIOS_TIPO ON usuarios (tipo_usuario)~';
EXCEPTION
    WHEN OTHERS THEN
        IF SQLCODE != -955 AND SQLCODE != -1408 THEN
            RAISE;
        END IF;
END;
/
BEGIN
    EXECUTE IMMEDIATE q'~CREATE INDEX IDX_TEL_USUARIOS_USUARIO ON telefones_usuarios (usuario_id)~';
EXCEPTION
    WHEN OTHERS THEN
        IF SQLCODE != -955 AND SQLCODE != -1408 THEN
            RAISE;
        END IF;
END;
/
BEGIN
    EXECUTE IMMEDIATE q'~CREATE INDEX IDX_FAZENDAS_ENDERECO ON fazendas (endereco_id)~';
EXCEPTION
    WHEN OTHERS THEN
        IF SQLCODE != -955 AND SQLCODE != -1408 THEN
            RAISE;
        END IF;
END;
/
BEGIN
    EXECUTE IMMEDIATE q'~CREATE INDEX IDX_FAZENDA_USUARIOS_FAZ ON fazenda_usuarios (fazenda_id)~';
EXCEPTION
    WHEN OTHERS THEN
        IF SQLCODE != -955 AND SQLCODE != -1408 THEN
            RAISE;
        END IF;
END;
/
BEGIN
    EXECUTE IMMEDIATE q'~CREATE INDEX IDX_FAZENDA_USUARIOS_USU ON fazenda_usuarios (usuario_id)~';
EXCEPTION
    WHEN OTHERS THEN
        IF SQLCODE != -955 AND SQLCODE != -1408 THEN
            RAISE;
        END IF;
END;
/
BEGIN
    EXECUTE IMMEDIATE q'~CREATE INDEX IDX_TALHOES_FAZENDA ON talhoes (fazenda_id)~';
EXCEPTION
    WHEN OTHERS THEN
        IF SQLCODE != -955 AND SQLCODE != -1408 THEN
            RAISE;
        END IF;
END;
/
BEGIN
    EXECUTE IMMEDIATE q'~CREATE INDEX IDX_TALHOES_BIOMA ON talhoes (bioma)~';
EXCEPTION
    WHEN OTHERS THEN
        IF SQLCODE != -955 AND SQLCODE != -1408 THEN
            RAISE;
        END IF;
END;
/
BEGIN
    EXECUTE IMMEDIATE q'~CREATE INDEX IDX_LABORATORIOS_ENDERECO ON laboratorios (endereco_id)~';
EXCEPTION
    WHEN OTHERS THEN
        IF SQLCODE != -955 AND SQLCODE != -1408 THEN
            RAISE;
        END IF;
END;
/
BEGIN
    EXECUTE IMMEDIATE q'~CREATE INDEX IDX_LAB_USUARIOS_LAB ON laboratorio_usuarios (laboratorio_id)~';
EXCEPTION
    WHEN OTHERS THEN
        IF SQLCODE != -955 AND SQLCODE != -1408 THEN
            RAISE;
        END IF;
END;
/
BEGIN
    EXECUTE IMMEDIATE q'~CREATE INDEX IDX_LAB_USUARIOS_USU ON laboratorio_usuarios (usuario_id)~';
EXCEPTION
    WHEN OTHERS THEN
        IF SQLCODE != -955 AND SQLCODE != -1408 THEN
            RAISE;
        END IF;
END;
/
BEGIN
    EXECUTE IMMEDIATE q'~CREATE INDEX IDX_TEL_LABS_LAB ON telefones_laboratorios (laboratorio_id)~';
EXCEPTION
    WHEN OTHERS THEN
        IF SQLCODE != -955 AND SQLCODE != -1408 THEN
            RAISE;
        END IF;
END;
/
BEGIN
    EXECUTE IMMEDIATE q'~CREATE INDEX IDX_ASSINATURAS_LAB ON assinaturas (laboratorio_id)~';
EXCEPTION
    WHEN OTHERS THEN
        IF SQLCODE != -955 AND SQLCODE != -1408 THEN
            RAISE;
        END IF;
END;
/
BEGIN
    EXECUTE IMMEDIATE q'~CREATE INDEX IDX_ASSINATURAS_PLANO ON assinaturas (plano_id)~';
EXCEPTION
    WHEN OTHERS THEN
        IF SQLCODE != -955 AND SQLCODE != -1408 THEN
            RAISE;
        END IF;
END;
/
BEGIN
    EXECUTE IMMEDIATE q'~CREATE INDEX IDX_ASSINATURAS_STATUS ON assinaturas (status)~';
EXCEPTION
    WHEN OTHERS THEN
        IF SQLCODE != -955 AND SQLCODE != -1408 THEN
            RAISE;
        END IF;
END;
/
BEGIN
    EXECUTE IMMEDIATE q'~CREATE INDEX IDX_IMPORTACOES_LAB ON importacoes (laboratorio_id)~';
EXCEPTION
    WHEN OTHERS THEN
        IF SQLCODE != -955 AND SQLCODE != -1408 THEN
            RAISE;
        END IF;
END;
/
BEGIN
    EXECUTE IMMEDIATE q'~CREATE INDEX IDX_IMPORTACOES_USU ON importacoes (usuario_id)~';
EXCEPTION
    WHEN OTHERS THEN
        IF SQLCODE != -955 AND SQLCODE != -1408 THEN
            RAISE;
        END IF;
END;
/
BEGIN
    EXECUTE IMMEDIATE q'~CREATE INDEX IDX_IMPORTACOES_STATUS ON importacoes (status)~';
EXCEPTION
    WHEN OTHERS THEN
        IF SQLCODE != -955 AND SQLCODE != -1408 THEN
            RAISE;
        END IF;
END;
/
BEGIN
    EXECUTE IMMEDIATE q'~CREATE INDEX IDX_IMPORTACOES_CRIADO_EM ON importacoes (criado_em)~';
EXCEPTION
    WHEN OTHERS THEN
        IF SQLCODE != -955 AND SQLCODE != -1408 THEN
            RAISE;
        END IF;
END;
/
BEGIN
    EXECUTE IMMEDIATE q'~CREATE INDEX IDX_AMOSTRAS_TALHAO ON amostras (talhao_id)~';
EXCEPTION
    WHEN OTHERS THEN
        IF SQLCODE != -955 AND SQLCODE != -1408 THEN
            RAISE;
        END IF;
END;
/
BEGIN
    EXECUTE IMMEDIATE q'~CREATE INDEX IDX_AMOSTRAS_CLIENTE ON amostras (cliente_id)~';
EXCEPTION
    WHEN OTHERS THEN
        IF SQLCODE != -955 AND SQLCODE != -1408 THEN
            RAISE;
        END IF;
END;
/
BEGIN
    EXECUTE IMMEDIATE q'~CREATE INDEX IDX_AMOSTRAS_LAB ON amostras (laboratorio_id)~';
EXCEPTION
    WHEN OTHERS THEN
        IF SQLCODE != -955 AND SQLCODE != -1408 THEN
            RAISE;
        END IF;
END;
/
BEGIN
    EXECUTE IMMEDIATE q'~CREATE INDEX IDX_AMOSTRAS_IMPORT ON amostras (importacao_id)~';
EXCEPTION
    WHEN OTHERS THEN
        IF SQLCODE != -955 AND SQLCODE != -1408 THEN
            RAISE;
        END IF;
END;
/
BEGIN
    EXECUTE IMMEDIATE q'~CREATE INDEX IDX_AMOSTRAS_STATUS ON amostras (status)~';
EXCEPTION
    WHEN OTHERS THEN
        IF SQLCODE != -955 AND SQLCODE != -1408 THEN
            RAISE;
        END IF;
END;
/
BEGIN
    EXECUTE IMMEDIATE q'~CREATE INDEX IDX_AMOSTRAS_TIPO ON amostras (tipo_amostra)~';
EXCEPTION
    WHEN OTHERS THEN
        IF SQLCODE != -955 AND SQLCODE != -1408 THEN
            RAISE;
        END IF;
END;
/
BEGIN
    EXECUTE IMMEDIATE q'~CREATE INDEX IDX_AMOSTRAS_DATA_ENTRADA ON amostras (data_entrada)~';
EXCEPTION
    WHEN OTHERS THEN
        IF SQLCODE != -955 AND SQLCODE != -1408 THEN
            RAISE;
        END IF;
END;
/
BEGIN
    EXECUTE IMMEDIATE q'~CREATE INDEX IDX_CONFIG_CALC_LAB ON configuracoes_calculo (laboratorio_id)~';
EXCEPTION
    WHEN OTHERS THEN
        IF SQLCODE != -955 AND SQLCODE != -1408 THEN
            RAISE;
        END IF;
END;
/
BEGIN
    EXECUTE IMMEDIATE q'~CREATE INDEX IDX_CONFIG_CALC_TIPO ON configuracoes_calculo (tipo_laudo)~';
EXCEPTION
    WHEN OTHERS THEN
        IF SQLCODE != -955 AND SQLCODE != -1408 THEN
            RAISE;
        END IF;
END;
/
BEGIN
    EXECUTE IMMEDIATE q'~CREATE INDEX IDX_CONFIG_CALC_SUBST ON configuracoes_calculo (substituido_por)~';
EXCEPTION
    WHEN OTHERS THEN
        IF SQLCODE != -955 AND SQLCODE != -1408 THEN
            RAISE;
        END IF;
END;
/
BEGIN
    EXECUTE IMMEDIATE q'~CREATE INDEX IDX_LAUDOS_AMOSTRA ON laudos (amostra_id)~';
EXCEPTION
    WHEN OTHERS THEN
        IF SQLCODE != -955 AND SQLCODE != -1408 THEN
            RAISE;
        END IF;
END;
/
BEGIN
    EXECUTE IMMEDIATE q'~CREATE INDEX IDX_LAUDOS_LAB ON laudos (laboratorio_id)~';
EXCEPTION
    WHEN OTHERS THEN
        IF SQLCODE != -955 AND SQLCODE != -1408 THEN
            RAISE;
        END IF;
END;
/
BEGIN
    EXECUTE IMMEDIATE q'~CREATE INDEX IDX_LAUDOS_RESP ON laudos (responsavel_id)~';
EXCEPTION
    WHEN OTHERS THEN
        IF SQLCODE != -955 AND SQLCODE != -1408 THEN
            RAISE;
        END IF;
END;
/
BEGIN
    EXECUTE IMMEDIATE q'~CREATE INDEX IDX_LAUDOS_STATUS ON laudos (status)~';
EXCEPTION
    WHEN OTHERS THEN
        IF SQLCODE != -955 AND SQLCODE != -1408 THEN
            RAISE;
        END IF;
END;
/
BEGIN
    EXECUTE IMMEDIATE q'~CREATE INDEX IDX_LAUDOS_TIPO ON laudos (tipo_laudo)~';
EXCEPTION
    WHEN OTHERS THEN
        IF SQLCODE != -955 AND SQLCODE != -1408 THEN
            RAISE;
        END IF;
END;
/
BEGIN
    EXECUTE IMMEDIATE q'~CREATE INDEX IDX_LAUDOS_DATA_EMISSAO ON laudos (data_emissao)~';
EXCEPTION
    WHEN OTHERS THEN
        IF SQLCODE != -955 AND SQLCODE != -1408 THEN
            RAISE;
        END IF;
END;
/
BEGIN
    EXECUTE IMMEDIATE q'~CREATE INDEX IDX_LAUDO_RESULTADOS_LAUDO ON laudo_resultados (laudo_id)~';
EXCEPTION
    WHEN OTHERS THEN
        IF SQLCODE != -955 AND SQLCODE != -1408 THEN
            RAISE;
        END IF;
END;
/
BEGIN
    EXECUTE IMMEDIATE q'~CREATE INDEX IDX_LAUDO_RESULTADOS_CONFIG ON laudo_resultados (configuracao_id)~';
EXCEPTION
    WHEN OTHERS THEN
        IF SQLCODE != -955 AND SQLCODE != -1408 THEN
            RAISE;
        END IF;
END;
/
BEGIN
    EXECUTE IMMEDIATE q'~CREATE INDEX IDX_ARQUIVOS_LAB ON arquivos (laboratorio_id)~';
EXCEPTION
    WHEN OTHERS THEN
        IF SQLCODE != -955 AND SQLCODE != -1408 THEN
            RAISE;
        END IF;
END;
/
BEGIN
    EXECUTE IMMEDIATE q'~CREATE INDEX IDX_ARQUIVOS_AMOSTRA ON arquivos (amostra_id)~';
EXCEPTION
    WHEN OTHERS THEN
        IF SQLCODE != -955 AND SQLCODE != -1408 THEN
            RAISE;
        END IF;
END;
/
BEGIN
    EXECUTE IMMEDIATE q'~CREATE INDEX IDX_ARQUIVOS_LAUDO ON arquivos (laudo_id)~';
EXCEPTION
    WHEN OTHERS THEN
        IF SQLCODE != -955 AND SQLCODE != -1408 THEN
            RAISE;
        END IF;
END;
/
BEGIN
    EXECUTE IMMEDIATE q'~CREATE INDEX IDX_ARQUIVOS_IMPORT ON arquivos (importacao_id)~';
EXCEPTION
    WHEN OTHERS THEN
        IF SQLCODE != -955 AND SQLCODE != -1408 THEN
            RAISE;
        END IF;
END;
/
BEGIN
    EXECUTE IMMEDIATE q'~CREATE INDEX IDX_VARIAVEIS_CALC_CONFIG ON variaveis_calculo (configuracao_id)~';
EXCEPTION
    WHEN OTHERS THEN
        IF SQLCODE != -955 AND SQLCODE != -1408 THEN
            RAISE;
        END IF;
END;
/
BEGIN
    EXECUTE IMMEDIATE q'~CREATE INDEX IDX_LIMITES_REF_CONFIG ON limites_referencia (configuracao_id)~';
EXCEPTION
    WHEN OTHERS THEN
        IF SQLCODE != -955 AND SQLCODE != -1408 THEN
            RAISE;
        END IF;
END;
/
BEGIN
    EXECUTE IMMEDIATE q'~CREATE INDEX IDX_LIMITES_REF_CLASSE ON limites_referencia (classe)~';
EXCEPTION
    WHEN OTHERS THEN
        IF SQLCODE != -955 AND SQLCODE != -1408 THEN
            RAISE;
        END IF;
END;
/
BEGIN
    EXECUTE IMMEDIATE q'~CREATE INDEX IDX_EVENTOS_AUD_USU ON eventos_auditoria (usuario_id)~';
EXCEPTION
    WHEN OTHERS THEN
        IF SQLCODE != -955 AND SQLCODE != -1408 THEN
            RAISE;
        END IF;
END;
/
BEGIN
    EXECUTE IMMEDIATE q'~CREATE INDEX IDX_EVENTOS_AUD_LAB ON eventos_auditoria (laboratorio_id)~';
EXCEPTION
    WHEN OTHERS THEN
        IF SQLCODE != -955 AND SQLCODE != -1408 THEN
            RAISE;
        END IF;
END;
/
BEGIN
    EXECUTE IMMEDIATE q'~CREATE INDEX IDX_EVENTOS_AUD_TABELA ON eventos_auditoria (tabela_afetada)~';
EXCEPTION
    WHEN OTHERS THEN
        IF SQLCODE != -955 AND SQLCODE != -1408 THEN
            RAISE;
        END IF;
END;
/
BEGIN
    EXECUTE IMMEDIATE q'~CREATE INDEX IDX_EVENTOS_AUD_CRIADO_EM ON eventos_auditoria (criado_em)~';
EXCEPTION
    WHEN OTHERS THEN
        IF SQLCODE != -955 AND SQLCODE != -1408 THEN
            RAISE;
        END IF;
END;
/

-- 3e. PREPARAÇÃO FUTURA

-- Geoespacial Oracle Spatial:
-- ALTER TABLE talhoes ADD (
--     geometria SDO_GEOMETRY
-- );
-- INSERT INTO USER_SDO_GEOM_METADATA(TABLE_NAME, COLUMN_NAME, DIMINFO, SRID)
-- VALUES (
--   'TALHOES',
--   'GEOMETRIA',
--   SDO_DIM_ARRAY(
--     SDO_DIM_ELEMENT('LONG', -180, 180, 0.0000001),
--     SDO_DIM_ELEMENT('LAT', -90, 90, 0.0000001)
--   ),
--   4326
-- );
-- CREATE INDEX IDX_TALHOES_GEOM ON talhoes(geometria) INDEXTYPE IS MDSYS.SPATIAL_INDEX_V2;

-- Particionamento futuro por mês:
-- CREATE TABLE amostras_part (...) PARTITION BY RANGE (data_entrada)
-- INTERVAL (NUMTOYMINTERVAL(1, 'MONTH'))
-- (PARTITION p0 VALUES LESS THAN (DATE '2026-01-01'));
-- CREATE TABLE laudos_part (...) PARTITION BY RANGE (data_emissao)
-- INTERVAL (NUMTOYMINTERVAL(1, 'MONTH'))
-- (PARTITION p0 VALUES LESS THAN (DATE '2026-01-01'));

-- Oracle Text:
-- CREATE INDEX IDX_LAUDOS_OBSERVACOES_CTX
-- ON laudos(observacoes)
-- INDEXTYPE IS CTXSYS.CONTEXT;

-- 4. SEED MÍNIMO

-- SEED: enderecos
INSERT INTO enderecos (id, cep, logradouro, numero, complemento, bairro, cidade, estado, latitude, longitude, pais) VALUES (1, '78000001', 'Rodovia MT 220', 'KM 12', 'Sede', 'Zona Rural', 'Sinop', 'MT', -11.8642000, -55.5024000, 'Brasil');
INSERT INTO enderecos (id, cep, logradouro, numero, complemento, bairro, cidade, estado, latitude, longitude, pais) VALUES (2, '78890001', 'Avenida das Acacias', '500', 'Sala 2', 'Centro', 'Sorriso', 'MT', -12.5453000, -55.7210000, 'Brasil');
INSERT INTO enderecos (id, cep, logradouro, numero, complemento, bairro, cidade, estado, latitude, longitude, pais) VALUES (3, '78049000', 'Rua das Mangueiras', '120', 'Casa', 'Jardim Europa', 'Cuiaba', 'MT', -15.6014000, -56.0979000, 'Brasil');

-- SEED: usuarios
INSERT INTO usuarios (id, nome, sobrenome, email, senha_hash, tipo_usuario, endereco_id, ativo, criado_em, ultimo_acesso) VALUES (1, 'Alan', 'Silva', 'alan@fazendaboavista.com', '$2b$12$abcdefghijklmnopqrstuvABCDEFGHIJKLMNOpqrstuvwxyz12345', 'UE', 1, 'Y', SYSTIMESTAMP, SYSTIMESTAMP);
INSERT INTO usuarios (id, nome, sobrenome, email, senha_hash, tipo_usuario, endereco_id, ativo, criado_em, ultimo_acesso) VALUES (2, 'Renato', 'Alves Filho', 'renato@labagro.com.br', '$2b$12$mnopqrstuvwxyzABCDabcdefghijklmnopqrstuvEFGHIJKLMNO123', 'UP', 2, 'Y', SYSTIMESTAMP, SYSTIMESTAMP);
INSERT INTO usuarios (id, nome, sobrenome, email, senha_hash, tipo_usuario, endereco_id, ativo, criado_em, ultimo_acesso) VALUES (3, 'Juliana', 'Mota', 'juliana@labagro.com.br', '$2b$12$0123456789abcdefghijklmnopqrstuvABCDEFGHIJKLMNOpqrst', 'UP', 2, 'Y', SYSTIMESTAMP, SYSTIMESTAMP);
INSERT INTO usuarios (id, nome, sobrenome, email, senha_hash, tipo_usuario, endereco_id, ativo, criado_em, ultimo_acesso) VALUES (4, 'Marcos', 'Ferreira', 'marcos@labagro.com.br', '$2b$12$QRSTUVabcdefghijklmnop1234567890qrstuvwxyzABCDEFGHIJ', 'UC', 3, 'Y', SYSTIMESTAMP, SYSTIMESTAMP);
INSERT INTO usuarios (id, nome, sobrenome, email, senha_hash, tipo_usuario, endereco_id, ativo, criado_em, ultimo_acesso) VALUES (5, 'Patricia', 'Souza', 'patricia@labagro.com.br', '$2b$12$KLMNOPQRSTUVWXYZabcdef1234567890ghijklmnopqrstuvABCD', 'UC', 3, 'Y', SYSTIMESTAMP, SYSTIMESTAMP);

-- SEED: telefones_usuarios
INSERT INTO telefones_usuarios (id, usuario_id, numero, tipo, whatsapp) VALUES (1, 1, '66999990001', 'MOVEL', 'Y');
INSERT INTO telefones_usuarios (id, usuario_id, numero, tipo, whatsapp) VALUES (2, 2, '66999990002', 'MOVEL', 'Y');
INSERT INTO telefones_usuarios (id, usuario_id, numero, tipo, whatsapp) VALUES (3, 3, '66999990003', 'MOVEL', 'Y');
INSERT INTO telefones_usuarios (id, usuario_id, numero, tipo, whatsapp) VALUES (4, 4, '65999990004', 'MOVEL', 'Y');
INSERT INTO telefones_usuarios (id, usuario_id, numero, tipo, whatsapp) VALUES (5, 5, '65999990005', 'MOVEL', 'Y');

-- SEED: fazendas
INSERT INTO fazendas (id, nome, cpf_cnpj, endereco_id, car, area_total_ha, criado_em) VALUES (1, 'Fazenda Boa Vista', '12345678901', 1, 'MT-5107945-ABC123', 1450.75, SYSTIMESTAMP);

-- SEED: fazenda_usuarios
INSERT INTO fazenda_usuarios (id, fazenda_id, usuario_id, papel, inicio_vigencia, fim_vigencia) VALUES (1, 1, 1, 'DONO', DATE '2026-01-01', NULL);

-- SEED: talhoes
INSERT INTO talhoes (id, fazenda_id, identificacao, tipo_plantio, area, profundidade_amostragem_cm, textura_solo, bioma, latitude_centroide, longitude_centroide, criado_em) VALUES (1, 1, 'TALHAO-01', 'DIRETO', 320.50, 20.00, 'ARGILOSA', 'CERRADO', -11.8645000, -55.5030000, SYSTIMESTAMP);
INSERT INTO talhoes (id, fazenda_id, identificacao, tipo_plantio, area, profundidade_amostragem_cm, textura_solo, bioma, latitude_centroide, longitude_centroide, criado_em) VALUES (2, 1, 'TALHAO-02', 'DIRETO', 280.00, 20.00, 'MEDIA', 'CERRADO', -11.8652000, -55.5041000, SYSTIMESTAMP);

-- SEED: laboratorios
INSERT INTO laboratorios (id, nome, cnpj, endereco_id, email, ativo, acreditacao_iso17025, registro_renasem, credenciamento_mapa, criado_em) VALUES (1, 'Laboratorio AgroGemini', '12345678000199', 2, 'contato@labagro.com.br', 'Y', 'Y', 'RENASEM-00991', 'MAPA-MT-00478', SYSTIMESTAMP);

-- SEED: laboratorio_usuarios
INSERT INTO laboratorio_usuarios (id, laboratorio_id, usuario_id, papel, registro_crea) VALUES (1, 1, 2, 'TECNICO', 'CREA-MT-1001');
INSERT INTO laboratorio_usuarios (id, laboratorio_id, usuario_id, papel, registro_crea) VALUES (2, 1, 3, 'TECNICO', 'CREA-MT-1002');
INSERT INTO laboratorio_usuarios (id, laboratorio_id, usuario_id, papel, registro_crea) VALUES (3, 1, 4, 'GESTOR', 'CREA-MT-2001');
INSERT INTO laboratorio_usuarios (id, laboratorio_id, usuario_id, papel, registro_crea) VALUES (4, 1, 5, 'GESTOR', 'CREA-MT-2002');

-- SEED: telefones_laboratorios
INSERT INTO telefones_laboratorios (id, laboratorio_id, numero, tipo) VALUES (1, 1, '6635432100', 'COMERCIAL');

-- SEED: planos_assinaturas
INSERT INTO planos_assinaturas (id, tipo, valor, descricao, limite_amostras, limite_usuarios, permite_api, ativo) VALUES (1, 'BASICO', 499.90, 'Plano basico com limite operacional reduzido.', 200, 5, 'N', 'Y');
INSERT INTO planos_assinaturas (id, tipo, valor, descricao, limite_amostras, limite_usuarios, permite_api, ativo) VALUES (2, 'PREMIUM', 1299.90, 'Plano premium com maior volume e acesso a API.', 5000, 50, 'Y', 'Y');

-- SEED: assinaturas
INSERT INTO assinaturas (id, laboratorio_id, plano_id, numero_contrato, arquivo_contrato, data_inicio, data_expiracao, status, renovacao_automatica, amostras_consumidas) VALUES (1, 1, 2, 'CTR-AG-2026-0001', '/contratos/ctr-ag-2026-0001.pdf', DATE '2026-01-01', DATE '2026-12-31', 'ATIVA', 'Y', 2);

-- SEED: importacoes
INSERT INTO importacoes (id, laboratorio_id, usuario_id, nome_arquivo, tipo_arquivo, formato_instrumento, caminho_arquivo, hash_arquivo, status, mensagem_erro, total_registros, registros_processados, criado_em, processado_em) VALUES (1, 1, 2, 'solo_abril_2026.xlsx', 'XLSX', 'EQUIPAMENTO_X', '/importacoes/solo_abril_2026.xlsx', 'aabbccddeeff00112233445566778899', 'PROCESSADO', NULL, 2, 2, SYSTIMESTAMP, SYSTIMESTAMP);

-- SEED: amostras
INSERT INTO amostras (id, talhao_id, cliente_id, laboratorio_id, importacao_id, codigo_interno, codigo_barras, tipo_amostra, descricao, lote, tonelada, metodo_extracao, data_coleta, data_entrada, data_saida, status, prioridade, criado_em) VALUES (1, 1, 1, 1, 1, 'AMO-2026-0001', '789000000001', 'SOLO', 'Amostra composta do talhao 01.', NULL, NULL, 'MEHLICH-1', DATE '2026-04-01', DATE '2026-04-02', DATE '2026-04-07', 'LAUDO_GERADO', 'ALTA', SYSTIMESTAMP);
INSERT INTO amostras (id, talhao_id, cliente_id, laboratorio_id, importacao_id, codigo_interno, codigo_barras, tipo_amostra, descricao, lote, tonelada, metodo_extracao, data_coleta, data_entrada, data_saida, status, prioridade, criado_em) VALUES (2, 2, 1, 1, 1, 'AMO-2026-0002', '789000000002', 'SOLO', 'Amostra composta do talhao 02.', NULL, NULL, 'MEHLICH-1', DATE '2026-04-01', DATE '2026-04-02', NULL, 'EM_ANALISE', 'MEDIA', SYSTIMESTAMP);

-- SEED: configuracoes_calculo
INSERT INTO configuracoes_calculo (id, laboratorio_id, tipo_laudo, descricao, elemento, formula_matematica, unidade_resultado, ativo, versao, ordem_execucao, substituido_por, valido_de, valido_ate) VALUES (1, 1, 'SOLO', 'Calculo de classificacao para fosforo disponivel.', 'P', '(P_DISPONIVEL / 10)', 'mg/dm3', 'Y', 1.00, 1, NULL, DATE '2026-01-01', NULL);

-- SEED: laudos
INSERT INTO laudos (id, amostra_id, laboratorio_id, responsavel_id, tipo_laudo, numero_pedido, numero_laudo, solicitante_nome, razao_social, propriedade, cidade, data_entrada, data_saida, data_emissao, status, pdf_path, hash_autenticacao, observacoes, responsavel_tecnico_nome, responsavel_tecnico_registro, credenciamento_mapa, criado_em) VALUES (1, 1, 1, 4, 'SOLO', 'PED-2026-0001', 'LAU-2026-0001', 'Alan Silva', 'Fazenda Boa Vista', 'Fazenda Boa Vista', 'Sinop', DATE '2026-04-02', DATE '2026-04-07', DATE '2026-04-08', 'EMITIDO', '/laudos/LAU-2026-0001.pdf', 'HASH-LAUDO-0001', 'Laudo emitido apos revisao tecnica.', 'Marcos Ferreira', 'CREA-MT-2001', 'MAPA-MT-00478', SYSTIMESTAMP);

-- SEED: laudo_resultados
INSERT INTO laudo_resultados (id, laudo_id, configuracao_id, parametro, unidade, garantia, resultado, resultado_convertido, unidade_convertida, classe_interpretativa, ordem_exibicao, fora_spec) VALUES (1, 1, NULL, 'pH', 'CaCl2', NULL, 5.400000, 5.400000, 'CaCl2', 'MEDIO', 1, 'N');
INSERT INTO laudo_resultados (id, laudo_id, configuracao_id, parametro, unidade, garantia, resultado, resultado_convertido, unidade_convertida, classe_interpretativa, ordem_exibicao, fora_spec) VALUES (2, 1, 1, 'P', 'mg/dm3', NULL, 8.200000, 8.200000, 'mg/dm3', 'BAIXO', 2, 'N');
INSERT INTO laudo_resultados (id, laudo_id, configuracao_id, parametro, unidade, garantia, resultado, resultado_convertido, unidade_convertida, classe_interpretativa, ordem_exibicao, fora_spec) VALUES (3, 1, NULL, 'K', 'cmolc/dm3', NULL, 0.180000, 0.180000, 'cmolc/dm3', 'ADEQUADO', 3, 'N');

-- SEED: variaveis_calculo
INSERT INTO variaveis_calculo (id, configuracao_id, nome_variavel, origem_variavel, parametro_ref, constante_valor, descricao) VALUES (1, 1, 'P_DISPONIVEL', 'RESULTADO', 'P', NULL, 'Valor de fosforo disponivel no resultado analitico.');
INSERT INTO variaveis_calculo (id, configuracao_id, nome_variavel, origem_variavel, parametro_ref, constante_valor, descricao) VALUES (2, 1, 'FATOR_AJUSTE', 'CONSTANTE', NULL, 10, 'Fator divisor de classificacao.');

COMMIT;


--------------------------------------------------------------------------------
-- BLOCO B - EXTENSÕES V3
--------------------------------------------------------------------------------

-- AgroGemini Oracle v3 - próximos passos
-- Extensões: espacial, particionamento, Oracle Text, auditoria, OML4Py e VPD/RLS

--------------------------------------------------------------------------------
-- 1) ESPACIAL: TALHOES.GEOM + METADATA + ÍNDICE ESPACIAL
--------------------------------------------------------------------------------
BEGIN
    EXECUTE IMMEDIATE q'[
        ALTER TABLE talhoes ADD (
            geom MDSYS.SDO_GEOMETRY
        )
    ]';
EXCEPTION
    WHEN OTHERS THEN
        IF SQLCODE = -902 THEN
            DBMS_OUTPUT.PUT_LINE('Oracle Spatial indisponivel; coluna TALHOES.GEOM nao foi criada.');
        ELSIF SQLCODE != -1430 THEN -- coluna já existe
            RAISE;
        END IF;
END;
/

DECLARE
    v_has_geom NUMBER := 0;
BEGIN
    SELECT COUNT(*)
      INTO v_has_geom
      FROM USER_TAB_COLS
     WHERE TABLE_NAME = 'TALHOES'
       AND COLUMN_NAME = 'GEOM';

    IF v_has_geom = 1 THEN
        BEGIN
            EXECUTE IMMEDIATE q'[
                DELETE FROM USER_SDO_GEOM_METADATA
                 WHERE TABLE_NAME = 'TALHOES'
                   AND COLUMN_NAME = 'GEOM'
            ]';

            EXECUTE IMMEDIATE q'[
                INSERT INTO USER_SDO_GEOM_METADATA (
                    TABLE_NAME,
                    COLUMN_NAME,
                    DIMINFO,
                    SRID
                ) VALUES (
                    'TALHOES',
                    'GEOM',
                    MDSYS.SDO_DIM_ARRAY(
                        MDSYS.SDO_DIM_ELEMENT('LONG', -180, 180, 0.0000001),
                        MDSYS.SDO_DIM_ELEMENT('LAT',  -90,  90, 0.0000001)
                    ),
                    4674
                )
            ]';
        EXCEPTION
            WHEN OTHERS THEN
                IF SQLCODE = -942 THEN
                    DBMS_OUTPUT.PUT_LINE('Oracle Spatial: USER_SDO_GEOM_METADATA indisponivel; metadata ignorado.');
                ELSE
                    DBMS_OUTPUT.PUT_LINE('Oracle Spatial: metadata ignorado. Motivo: ' || SQLERRM);
                END IF;
        END;
    ELSE
        DBMS_OUTPUT.PUT_LINE('Oracle Spatial: metadata de TALHOES.GEOM ignorado (coluna inexistente).');
    END IF;
EXCEPTION
    WHEN OTHERS THEN
        DBMS_OUTPUT.PUT_LINE('Oracle Spatial: metadata ignorado. Motivo: ' || SQLERRM);
END;
/

DECLARE
    v_has_geom NUMBER := 0;
BEGIN
    SELECT COUNT(*)
      INTO v_has_geom
      FROM USER_TAB_COLS
     WHERE TABLE_NAME = 'TALHOES'
       AND COLUMN_NAME = 'GEOM';

    IF v_has_geom = 1 THEN
        BEGIN
            EXECUTE IMMEDIATE q'[
                CREATE INDEX IDX_TALHOES_GEOM
                ON talhoes(geom)
                INDEXTYPE IS MDSYS.SPATIAL_INDEX_V2
            ]';
        EXCEPTION
            WHEN OTHERS THEN
                IF SQLCODE != -955 THEN
                    DBMS_OUTPUT.PUT_LINE('Oracle Spatial: indice espacial ignorado. Motivo: ' || SQLERRM);
                END IF;
        END;
    ELSE
        DBMS_OUTPUT.PUT_LINE('Oracle Spatial: indice TALHOES.GEOM ignorado (coluna inexistente).');
    END IF;
END;
/

BEGIN
    EXECUTE IMMEDIATE q'[
        COMMENT ON COLUMN talhoes.geom IS 'Geometria espacial do talhão em SIRGAS 2000 (SRID 4674).'
    ]';
EXCEPTION
    WHEN OTHERS THEN
        IF SQLCODE != -904 THEN
            RAISE;
        END IF;
END;
/

--------------------------------------------------------------------------------
-- 2) PARTICIONAMENTO MENSAL - TABELAS DE ALTO VOLUME
-- Observação: Oracle não permite converter diretamente tabelas existentes comuns
-- para particionadas sem operação de redefinição/recriação. Abaixo segue modelo
-- de recriação particionada com INTERVAL MONTH.
--------------------------------------------------------------------------------

-- MODELO SUGERIDO PARA IMPORTACOES
-- PK/UK/FK/índices devem ser reaplicados conforme migration principal.
-- Para ambientes existentes, usar DBMS_REDEFINITION ou CTAS + rename.
--
-- CREATE TABLE importacoes_p (
--     ... mesmas colunas ...
-- )
-- PARTITION BY RANGE (criado_em)
-- INTERVAL (NUMTOYMINTERVAL(1, 'MONTH'))
-- (
--     PARTITION P_IMPORTACOES_2026_01 VALUES LESS THAN (TIMESTAMP '2026-02-01 00:00:00 UTC')
-- );

-- MODELO SUGERIDO PARA AMOSTRAS
-- CREATE TABLE amostras_p (
--     ... mesmas colunas ...
-- )
-- PARTITION BY RANGE (data_entrada)
-- INTERVAL (NUMTOYMINTERVAL(1, 'MONTH'))
-- (
--     PARTITION P_AMOSTRAS_2026_01 VALUES LESS THAN (DATE '2026-02-01')
-- );

-- MODELO SUGERIDO PARA LAUDOS
-- CREATE TABLE laudos_p (
--     ... mesmas colunas ...
-- )
-- PARTITION BY RANGE (data_emissao)
-- INTERVAL (NUMTOYMINTERVAL(1, 'MONTH'))
-- (
--     PARTITION P_LAUDOS_2026_01 VALUES LESS THAN (DATE '2026-02-01')
-- );

--------------------------------------------------------------------------------
-- 3) ORACLE TEXT
--------------------------------------------------------------------------------
BEGIN
    EXECUTE IMMEDIATE q'[
        CREATE INDEX IDX_LAUDOS_OBSERVACOES_CTX
        ON laudos(observacoes)
        INDEXTYPE IS CTXSYS.CONTEXT
    ]';
EXCEPTION
    WHEN OTHERS THEN
        IF SQLCODE = -29833 THEN
            DBMS_OUTPUT.PUT_LINE('Oracle Text indisponivel; indice IDX_LAUDOS_OBSERVACOES_CTX ignorado.');
        ELSIF SQLCODE != -955 THEN
            RAISE;
        END IF;
END;
/

BEGIN
    EXECUTE IMMEDIATE q'[
        CREATE INDEX IDX_IMPORTACOES_MSG_ERRO_CTX
        ON importacoes(mensagem_erro)
        INDEXTYPE IS CTXSYS.CONTEXT
    ]';
EXCEPTION
    WHEN OTHERS THEN
        IF SQLCODE = -29833 THEN
            DBMS_OUTPUT.PUT_LINE('Oracle Text indisponivel; indice IDX_IMPORTACOES_MSG_ERRO_CTX ignorado.');
        ELSIF SQLCODE != -955 THEN
            RAISE;
        END IF;
END;
/

--------------------------------------------------------------------------------
-- 4) AUDITORIA AUTOMÁTICA
--------------------------------------------------------------------------------

BEGIN
    EXECUTE IMMEDIATE q'[
        CREATE OR REPLACE CONTEXT AGRO_CTX USING AGRO_CTX_PKG
    ]';
EXCEPTION
    WHEN OTHERS THEN
        NULL;
END;
/

CREATE OR REPLACE PACKAGE AGRO_CTX_PKG AS
    PROCEDURE SET_CTX(
        p_usuario_id     IN NUMBER,
        p_laboratorio_id IN NUMBER,
        p_tipo_usuario   IN VARCHAR2,
        p_ip_origem      IN VARCHAR2
    );
END AGRO_CTX_PKG;
/

CREATE OR REPLACE PACKAGE BODY AGRO_CTX_PKG AS
    PROCEDURE SET_CTX(
        p_usuario_id     IN NUMBER,
        p_laboratorio_id IN NUMBER,
        p_tipo_usuario   IN VARCHAR2,
        p_ip_origem      IN VARCHAR2
    ) IS
    BEGIN
        DBMS_SESSION.SET_CONTEXT('AGRO_CTX', 'USUARIO_ID',     TO_CHAR(p_usuario_id));
        DBMS_SESSION.SET_CONTEXT('AGRO_CTX', 'LABORATORIO_ID', TO_CHAR(p_laboratorio_id));
        DBMS_SESSION.SET_CONTEXT('AGRO_CTX', 'TIPO_USUARIO',   p_tipo_usuario);
        DBMS_SESSION.SET_CONTEXT('AGRO_CTX', 'IP_ORIGEM',      p_ip_origem);
    END;
END AGRO_CTX_PKG;
/

CREATE OR REPLACE TRIGGER TR_AUD_LAUDOS
AFTER INSERT OR UPDATE OR DELETE ON laudos
FOR EACH ROW
DECLARE
    v_usuario_id     NUMBER;
    v_laboratorio_id NUMBER;
    v_ip_origem      VARCHAR2(100);
    v_operacao       VARCHAR2(10);
BEGIN
    BEGIN
        v_usuario_id := TO_NUMBER(NULLIF(SYS_CONTEXT('AGRO_CTX','USUARIO_ID'), ''));
    EXCEPTION
        WHEN OTHERS THEN
            v_usuario_id := NULL;
    END;

    BEGIN
        v_laboratorio_id := TO_NUMBER(NULLIF(SYS_CONTEXT('AGRO_CTX','LABORATORIO_ID'), ''));
    EXCEPTION
        WHEN OTHERS THEN
            v_laboratorio_id := NULL;
    END;

    BEGIN
        v_ip_origem := SYS_CONTEXT('AGRO_CTX','IP_ORIGEM');
    EXCEPTION
        WHEN OTHERS THEN
            v_ip_origem := NULL;
    END;

    IF INSERTING THEN
        v_operacao := 'INSERT';
        INSERT INTO eventos_auditoria (
            id, usuario_id, laboratorio_id, tabela_afetada, registro_id, operacao,
            dados_anteriores, dados_novos, ip_origem, criado_em
        ) VALUES (
            DEFAULT, v_usuario_id, NVL(v_laboratorio_id, :NEW.laboratorio_id), 'LAUDOS', :NEW.id, v_operacao,
            NULL,
            TO_CLOB(JSON_OBJECT(
                'id' VALUE :NEW.id,
                'amostra_id' VALUE :NEW.amostra_id,
                'status' VALUE :NEW.status,
                'numero_laudo' VALUE :NEW.numero_laudo
            )),
            v_ip_origem,
            SYSTIMESTAMP
        );
    ELSIF UPDATING THEN
        v_operacao := 'UPDATE';
        INSERT INTO eventos_auditoria (
            id, usuario_id, laboratorio_id, tabela_afetada, registro_id, operacao,
            dados_anteriores, dados_novos, ip_origem, criado_em
        ) VALUES (
            DEFAULT, v_usuario_id, NVL(v_laboratorio_id, :NEW.laboratorio_id), 'LAUDOS', :NEW.id, v_operacao,
            TO_CLOB(JSON_OBJECT(
                'id' VALUE :OLD.id,
                'status' VALUE :OLD.status,
                'numero_laudo' VALUE :OLD.numero_laudo
            )),
            TO_CLOB(JSON_OBJECT(
                'id' VALUE :NEW.id,
                'status' VALUE :NEW.status,
                'numero_laudo' VALUE :NEW.numero_laudo
            )),
            v_ip_origem,
            SYSTIMESTAMP
        );
    ELSIF DELETING THEN
        v_operacao := 'DELETE';
        INSERT INTO eventos_auditoria (
            id, usuario_id, laboratorio_id, tabela_afetada, registro_id, operacao,
            dados_anteriores, dados_novos, ip_origem, criado_em
        ) VALUES (
            DEFAULT, v_usuario_id, NVL(v_laboratorio_id, :OLD.laboratorio_id), 'LAUDOS', :OLD.id, v_operacao,
            TO_CLOB(JSON_OBJECT(
                'id' VALUE :OLD.id,
                'status' VALUE :OLD.status,
                'numero_laudo' VALUE :OLD.numero_laudo
            )),
            NULL,
            v_ip_origem,
            SYSTIMESTAMP
        );
    END IF;
END;
/

--------------------------------------------------------------------------------
-- 5) EVOLUÇÃO PARA OML4Py / PIPELINES DE RECOMENDAÇÃO
--------------------------------------------------------------------------------
BEGIN
    EXECUTE IMMEDIATE q'[
        ALTER TABLE configuracoes_calculo ADD (
            tipo_execucao           VARCHAR2(30),
            modelo_nome             VARCHAR2(120),
            modelo_versao           VARCHAR2(60),
            feature_store_ref       VARCHAR2(240),
            score_confianca_min     NUMBER(5,2),
            parametros_modelo       CLOB
        )
    ]';
EXCEPTION
    WHEN OTHERS THEN
        IF SQLCODE != -1430 THEN
            RAISE;
        END IF;
END;
/

BEGIN
    EXECUTE IMMEDIATE q'[
        ALTER TABLE configuracoes_calculo ADD CONSTRAINT CK_CONFIG_CALC_TIPO_EXEC
        CHECK (tipo_execucao IN ('FORMULA','MODELO_ML','PIPELINE_HIBRIDO'))
    ]';
EXCEPTION
    WHEN OTHERS THEN
        IF SQLCODE != -2261 AND SQLCODE != -2275 AND SQLCODE != -2264 THEN
            NULL;
        END IF;
END;
/

COMMENT ON COLUMN configuracoes_calculo.tipo_execucao IS 'Define se a configuração é fórmula determinística, modelo de ML ou pipeline híbrido.';
COMMENT ON COLUMN configuracoes_calculo.modelo_nome IS 'Nome lógico do modelo Oracle ML/OML4Py.';
COMMENT ON COLUMN configuracoes_calculo.modelo_versao IS 'Versão do artefato/modelo.';
COMMENT ON COLUMN configuracoes_calculo.feature_store_ref IS 'Referência lógica do conjunto de atributos de entrada.';
COMMENT ON COLUMN configuracoes_calculo.score_confianca_min IS 'Score mínimo para aceitar recomendação automática.';
COMMENT ON COLUMN configuracoes_calculo.parametros_modelo IS 'Parâmetros serializados do pipeline de recomendação.';

BEGIN
    EXECUTE IMMEDIATE q'[
        CREATE INDEX IDX_CONFIG_CALC_MODELO_NOME
        ON configuracoes_calculo(modelo_nome)
    ]';
EXCEPTION
    WHEN OTHERS THEN
        IF SQLCODE != -955 THEN
            RAISE;
        END IF;
END;
/

--------------------------------------------------------------------------------
-- 6) VPD / RLS E ROLES
--------------------------------------------------------------------------------

BEGIN
    EXECUTE IMMEDIATE 'CREATE ROLE AGRO_ROLE_UE';
EXCEPTION
    WHEN OTHERS THEN
        IF SQLCODE = -1031 THEN
            DBMS_OUTPUT.PUT_LINE('Sem privilegio para CREATE ROLE; AGRO_ROLE_UE nao criada.');
        ELSIF SQLCODE != -1921 THEN
            RAISE;
        END IF;
END;
/

BEGIN
    EXECUTE IMMEDIATE 'CREATE ROLE AGRO_ROLE_UP';
EXCEPTION
    WHEN OTHERS THEN
        IF SQLCODE = -1031 THEN
            DBMS_OUTPUT.PUT_LINE('Sem privilegio para CREATE ROLE; AGRO_ROLE_UP nao criada.');
        ELSIF SQLCODE != -1921 THEN
            RAISE;
        END IF;
END;
/

BEGIN
    EXECUTE IMMEDIATE 'CREATE ROLE AGRO_ROLE_UC';
EXCEPTION
    WHEN OTHERS THEN
        IF SQLCODE = -1031 THEN
            DBMS_OUTPUT.PUT_LINE('Sem privilegio para CREATE ROLE; AGRO_ROLE_UC nao criada.');
        ELSIF SQLCODE != -1921 THEN
            RAISE;
        END IF;
END;
/

BEGIN
    EXECUTE IMMEDIATE 'CREATE ROLE AGRO_ROLE_ADM';
EXCEPTION
    WHEN OTHERS THEN
        IF SQLCODE = -1031 THEN
            DBMS_OUTPUT.PUT_LINE('Sem privilegio para CREATE ROLE; AGRO_ROLE_ADM nao criada.');
        ELSIF SQLCODE != -1921 THEN
            RAISE;
        END IF;
END;
/

CREATE OR REPLACE FUNCTION FN_VPD_LABORATORIO (
    p_schema IN VARCHAR2,
    p_object IN VARCHAR2
) RETURN VARCHAR2
AS
    v_tipo_usuario   VARCHAR2(30) := SYS_CONTEXT('AGRO_CTX','TIPO_USUARIO');
    v_laboratorio_id VARCHAR2(50) := SYS_CONTEXT('AGRO_CTX','LABORATORIO_ID');
    v_usuario_id     VARCHAR2(50) := SYS_CONTEXT('AGRO_CTX','USUARIO_ID');
BEGIN
    IF v_tipo_usuario = 'ADM' THEN
        RETURN '1=1';
    ELSIF v_tipo_usuario IN ('UP','UC') THEN
        RETURN 'laboratorio_id = TO_NUMBER(SYS_CONTEXT(''AGRO_CTX'',''LABORATORIO_ID''))';
    ELSIF v_tipo_usuario = 'UE' THEN
        RETURN 'cliente_id = TO_NUMBER(SYS_CONTEXT(''AGRO_CTX'',''USUARIO_ID''))';
    ELSE
        RETURN '1=2';
    END IF;
END;
/

BEGIN
    DBMS_RLS.ADD_POLICY(
        object_schema   => USER,
        object_name     => 'AMOSTRAS',
        policy_name     => 'POL_AMOSTRAS_TENANT',
        function_schema => USER,
        policy_function => 'FN_VPD_LABORATORIO',
        statement_types => 'SELECT,INSERT,UPDATE,DELETE',
        update_check    => TRUE
    );
EXCEPTION
    WHEN OTHERS THEN
        IF SQLCODE != -28104 THEN
            RAISE;
        END IF;
END;
/

CREATE OR REPLACE FUNCTION FN_VPD_LAUDOS (
    p_schema IN VARCHAR2,
    p_object IN VARCHAR2
) RETURN VARCHAR2
AS
    v_tipo_usuario VARCHAR2(30) := SYS_CONTEXT('AGRO_CTX','TIPO_USUARIO');
BEGIN
    IF v_tipo_usuario = 'ADM' THEN
        RETURN '1=1';
    ELSE
        RETURN 'laboratorio_id = TO_NUMBER(SYS_CONTEXT(''AGRO_CTX'',''LABORATORIO_ID''))';
    END IF;
END;
/

BEGIN
    DBMS_RLS.ADD_POLICY(
        object_schema   => USER,
        object_name     => 'LAUDOS',
        policy_name     => 'POL_LAUDOS_TENANT',
        function_schema => USER,
        policy_function => 'FN_VPD_LAUDOS',
        statement_types => 'SELECT,INSERT,UPDATE,DELETE',
        update_check    => TRUE
    );
EXCEPTION
    WHEN OTHERS THEN
        IF SQLCODE != -28104 THEN
            RAISE;
        END IF;
END;
/

--------------------------------------------------------------------------------
-- 7) GRANTS INICIAIS POR PAPEL
--------------------------------------------------------------------------------
BEGIN
    EXECUTE IMMEDIATE 'GRANT SELECT ON planos_assinaturas TO AGRO_ROLE_UE, AGRO_ROLE_UP, AGRO_ROLE_UC, AGRO_ROLE_ADM';
EXCEPTION
    WHEN OTHERS THEN
        IF SQLCODE IN (-1031, -1919, -1917) THEN
            DBMS_OUTPUT.PUT_LINE('Grant ignorado em planos_assinaturas (roles ausentes ou sem privilegio).');
        ELSE
            RAISE;
        END IF;
END;
/

BEGIN
    EXECUTE IMMEDIATE 'GRANT SELECT ON fazendas TO AGRO_ROLE_UE, AGRO_ROLE_UP, AGRO_ROLE_UC';
EXCEPTION
    WHEN OTHERS THEN
        IF SQLCODE IN (-1031, -1919, -1917) THEN
            DBMS_OUTPUT.PUT_LINE('Grant ignorado em fazendas.');
        ELSE
            RAISE;
        END IF;
END;
/

BEGIN
    EXECUTE IMMEDIATE 'GRANT SELECT ON talhoes TO AGRO_ROLE_UE, AGRO_ROLE_UP, AGRO_ROLE_UC';
EXCEPTION
    WHEN OTHERS THEN
        IF SQLCODE IN (-1031, -1919, -1917) THEN
            DBMS_OUTPUT.PUT_LINE('Grant ignorado em talhoes.');
        ELSE
            RAISE;
        END IF;
END;
/

BEGIN
    EXECUTE IMMEDIATE 'GRANT SELECT, INSERT, UPDATE ON importacoes TO AGRO_ROLE_UP, AGRO_ROLE_UC';
EXCEPTION
    WHEN OTHERS THEN
        IF SQLCODE IN (-1031, -1919, -1917) THEN
            DBMS_OUTPUT.PUT_LINE('Grant ignorado em importacoes.');
        ELSE
            RAISE;
        END IF;
END;
/

BEGIN
    EXECUTE IMMEDIATE 'GRANT SELECT, INSERT, UPDATE ON amostras TO AGRO_ROLE_UP, AGRO_ROLE_UC';
EXCEPTION
    WHEN OTHERS THEN
        IF SQLCODE IN (-1031, -1919, -1917) THEN
            DBMS_OUTPUT.PUT_LINE('Grant ignorado em amostras (UP/UC).');
        ELSE
            RAISE;
        END IF;
END;
/

BEGIN
    EXECUTE IMMEDIATE 'GRANT SELECT ON amostras TO AGRO_ROLE_UE';
EXCEPTION
    WHEN OTHERS THEN
        IF SQLCODE IN (-1031, -1919, -1917) THEN
            DBMS_OUTPUT.PUT_LINE('Grant ignorado em amostras (UE).');
        ELSE
            RAISE;
        END IF;
END;
/

BEGIN
    EXECUTE IMMEDIATE 'GRANT SELECT, INSERT, UPDATE ON laudos TO AGRO_ROLE_UC';
EXCEPTION
    WHEN OTHERS THEN
        IF SQLCODE IN (-1031, -1919, -1917) THEN
            DBMS_OUTPUT.PUT_LINE('Grant ignorado em laudos (UC).');
        ELSE
            RAISE;
        END IF;
END;
/

BEGIN
    EXECUTE IMMEDIATE 'GRANT SELECT ON laudos TO AGRO_ROLE_UP, AGRO_ROLE_UE';
EXCEPTION
    WHEN OTHERS THEN
        IF SQLCODE IN (-1031, -1919, -1917) THEN
            DBMS_OUTPUT.PUT_LINE('Grant ignorado em laudos (UP/UE).');
        ELSE
            RAISE;
        END IF;
END;
/

BEGIN
    EXECUTE IMMEDIATE 'GRANT SELECT, INSERT, UPDATE ON laudo_resultados TO AGRO_ROLE_UP, AGRO_ROLE_UC';
EXCEPTION
    WHEN OTHERS THEN
        IF SQLCODE IN (-1031, -1919, -1917) THEN
            DBMS_OUTPUT.PUT_LINE('Grant ignorado em laudo_resultados.');
        ELSE
            RAISE;
        END IF;
END;
/

BEGIN
    EXECUTE IMMEDIATE 'GRANT SELECT ON eventos_auditoria TO AGRO_ROLE_ADM, AGRO_ROLE_UC';
EXCEPTION
    WHEN OTHERS THEN
        IF SQLCODE IN (-1031, -1919, -1917) THEN
            DBMS_OUTPUT.PUT_LINE('Grant ignorado em eventos_auditoria.');
        ELSE
            RAISE;
        END IF;
END;
/

--------------------------------------------------------------------------------
-- 8) PREPARAÇÃO FUTURA
--------------------------------------------------------------------------------
-- 8.1) Criar camada de serviço para também auditar contexto de negócio:
--      motivo de aprovação, workflow, origem da integração, idempotency key.
--
-- 8.2) Expandir VPD para:
--      IMPORTACOES, LAUDO_RESULTADOS, ARQUIVOS, CONFIGURACOES_CALCULO,
--      LIMITES_REFERENCIA e EVENTOS_AUDITORIA.
--
-- 8.3) Integrar OML4Py com pipelines que:
--      - leem configuracoes_calculo e limites_referencia
--      - executam recomendação por cultura/bioma/método
--      - persistem score e classe interpretativa em laudo_resultados.
